id,url,status,last_checked_at,last_status_code,last_error_message,notes,created_at,updated_at
00b7ea0d-b772-4e63-9697-dedb384bacab,https://rolling.pandwarf.com,active,,,,,2025-04-12 00:20:22.276157+00,2025-04-12 00:20:22.276157+00
0219d4b0-bb6f-431f-aa02-d6160af32d5b,https://aws.amazon.com/certification/security-specialty,active,,,,,2025-04-12 00:20:22.276157+00,2025-04-12 00:20:22.276157+00
021e63c7-d3f4-4c3b-834d-b706bfe56241,https://devhints.io/bash,active,,,,,2025-04-12 00:20:22.276157+00,2025-04-12 00:20:22.276157+00
02cea3cd-916d-4d59-9aa0-f8dd6f4f5617,https://tryhackme.com/room/furthernmap,active,,,,,2025-04-12 00:20:22.276157+00,2025-04-12 00:20:22.276157+00
02d22324-3aca-46a3-86a4-7584c3e648cd,https://benheater.com/building-a-security-lab-in-virtualbox,active,,,,,2025-04-12 00:20:22.276157+00,2025-04-12 00:20:22.276157+00
030e03fa-bb53-411d-88d6-bb0d0129d43e,https://pastebin.com/ZLXCZ3YY,active,,,,,2025-04-12 00:20:22.276157+00,2025-04-12 00:20:22.276157+00
035314d6-66eb-4f82-b081-e3609eac56b2,https://www.wiley.com/en-us/Social+Engineering%3A+The+Science+of+Human+Hacking%2C+2nd+Edition-p-9781119433385,active,,,,,2025-04-12 00:20:22.276157+00,2025-04-12 00:20:22.276157+00
054f9762-1085-4a70-a44d-582dd1532454,https://www.reddit.com/r/netsec,active,,,,,2025-04-12 00:20:22.276157+00,2025-04-12 00:20:22.276157+00
05b2ca65-3a2f-4fba-a9e9-ec8f842a537f,https://www.youtube.com/@NetworkChuck,active,,,,,2025-04-12 00:20:22.276157+00,2025-04-12 00:20:22.276157+00
05c67e0f-f076-439a-a0c5-79679ed1b78b,https://files.fosswire.com/2007/08/fwunixref.pdf,active,,,,,2025-04-12 00:20:22.276157+00,2025-04-12 00:20:22.276157+00
0623ef6e-e6a2-4f55-96ad-809c0b1238ea,https://www.sleuthkit.org/sleuthkit/docs.php,active,,,,,2025-04-12 00:20:22.276157+00,2025-04-12 00:20:22.276157+00
06c860bf-9ca2-4718-b4b2-5e882e96d39e,https://modsecurity.org,active,,,,,2025-04-12 00:20:22.276157+00,2025-04-12 00:20:22.276157+00
07194232-5599-42b4-a6d1-1eb75a633db8,https://www.snort.org,active,,,,,2025-04-12 00:20:22.276157+00,2025-04-12 00:20:22.276157+00
073c4861-3dae-4046-8852-3328077a5e2d,https://opensecuritytraining.info,active,,,,,2025-04-12 00:20:22.276157+00,2025-04-12 00:20:22.276157+00
074296d6-cf91-4441-a0f3-a374b9a5af3d,https://www.cybersecurityworld.com,active,,,,,2025-04-12 00:20:22.276157+00,2025-04-12 00:20:22.276157+00
07d5fb33-b3f8-46d8-89b5-bed9ce0fec6a,https://www.wireshark.org/training,active,,,,,2025-04-12 00:20:22.276157+00,2025-04-12 00:20:22.276157+00
081a6283-a391-497a-b97a-e6f45392bcfc,https://www.securityweek.com,active,,,,,2025-04-12 00:20:22.276157+00,2025-04-12 00:20:22.276157+00
081cf183-913f-473a-8a13-7c29d72b65bd,https://pentesterlab.com,active,,,,,2025-04-12 00:20:22.276157+00,2025-04-12 00:20:22.276157+00
084c3c42-174f-4d60-b888-39108564cd1f,https://owasp.org/www-community,active,,,,,2025-04-12 00:20:22.276157+00,2025-04-12 00:20:22.276157+00
087d8951-4850-42c0-9da1-9ff6ddf5f7f6,https://www.netacad.com/courses/packet-tracer,active,,,,,2025-04-12 00:20:22.276157+00,2025-04-12 00:20:22.276157+00
089fa1fe-8554-4a10-88ac-55db71cc2ccc,https://www.tunnelsup.com/hash-analyzer,active,,,,,2025-04-12 00:20:22.276157+00,2025-04-12 00:20:22.276157+00
092835c1-72b8-4bb2-9010-c21f6a55399e,https://youtube.com/@NetworkChuck,active,,,,,2025-04-12 00:20:22.276157+00,2025-04-12 00:20:22.276157+00
0a62d079-1851-48a4-add6-c9acc4897974,https://www.sans.org/posters/cybersecurity-career-roadmap,active,,,,,2025-04-12 00:20:22.276157+00,2025-04-12 00:20:22.276157+00
0aeae878-b417-4c75-ba05-32ab678bcedf,https://www.skool.com/cybersecurity-fundamentals,active,,,,,2025-04-12 00:20:22.276157+00,2025-04-12 00:20:22.276157+00
0af3c540-7946-4ce1-bac6-216ce9e7ee57,https://www.infosecurityeurope.com,active,,,,,2025-04-12 00:20:22.276157+00,2025-04-12 00:20:22.276157+00
0b7d956c-fa6d-49bf-bcc2-3a99da5a9b39,https://www.forensicfocus.com/forums,active,,,,,2025-04-12 00:20:22.276157+00,2025-04-12 00:20:22.276157+00
0c42d6b6-bcd7-4e3b-ab07-3eb118836992,https://thotcon.org,active,,,,,2025-04-12 00:20:22.276157+00,2025-04-12 00:20:22.276157+00
0c697e1f-78e5-4e3d-87a9-31d55e485ddd,https://nmap.org/docs.html,active,,,,,2025-04-12 00:20:22.276157+00,2025-04-12 00:20:22.276157+00
0ce96004-6c56-4f4b-bd6b-69dd2feee6d8,https://malwareunicorn.org/workshops/re101.html,active,,,,,2025-04-12 00:20:22.276157+00,2025-04-12 00:20:22.276157+00
0d43dbd2-fe2c-4780-b6e7-fa7403046895,https://www.youtube.com/c/DavidBombal,active,,,,,2025-04-12 00:20:22.276157+00,2025-04-12 00:20:22.276157+00
0d7658fd-3938-4730-a381-391005af19f9,https://www.bleepingcomputer.com,active,,,,,2025-04-12 00:20:22.276157+00,2025-04-12 00:20:22.276157+00
0dc3beb0-debc-4dc6-9ab8-1e322fd41ff3,https://example.com/article2,active,,,,,2025-04-12 00:20:22.276157+00,2025-04-12 00:20:22.276157+00
0e15b0fd-39c8-4003-81cd-44c6cd40ef07,https://www.darkreading.com,active,,,,,2025-04-12 00:20:22.276157+00,2025-04-12 00:20:22.276157+00
0fb267c8-7651-4566-94f4-7e21a1761e65,https://www.troyhunt.com,active,,,,,2025-04-12 00:20:22.276157+00,2025-04-12 00:20:22.276157+00
0fd86f78-a04e-4844-b220-7a4fcdb90020,https://www.coursera.org/professional-certificates/ibm-cybersecurity-analyst,active,,,,,2025-04-12 00:20:22.276157+00,2025-04-12 00:20:22.276157+00
1039982d-4cae-49bd-a214-f62e73b4f685,https://linuxhandbook.com/linux-file-permissions,active,,,,,2025-04-12 00:20:22.276157+00,2025-04-12 00:20:22.276157+00
10efb5ce-b1b9-45d8-b033-4f5c23bc233b,https://nvlpubs.nist.gov/nistpubs/SpecialPublications/NIST.SP.800-207.pdf,active,,,,,2025-04-12 00:20:22.276157+00,2025-04-12 00:20:22.276157+00
11e6b336-88fc-41ce-aa25-4612d8d1dc0e,https://nostarch.com/malware,active,,,,,2025-04-12 00:20:22.276157+00,2025-04-12 00:20:22.276157+00
1254e9a5-5170-4f3f-bcad-2045146f549d,https://docs.metasploit.com,active,,,,,2025-04-12 00:20:22.276157+00,2025-04-12 00:20:22.276157+00
1325d946-cbb6-46b4-94f0-aa7a53d5cb67,https://www.practicalnetworking.net,active,,,,,2025-04-12 00:20:22.276157+00,2025-04-12 00:20:22.276157+00
13d1293e-6c88-4ea2-a9f1-a3569a0c1df8,https://zeronights.org,active,,,,,2025-04-12 00:20:22.276157+00,2025-04-12 00:20:22.276157+00
156f65af-0dc4-4eca-be4c-c0dffa11bf01,https://www.it-isac.org,active,,,,,2025-04-12 00:20:22.276157+00,2025-04-12 00:20:22.276157+00
16132da5-0c2c-48a2-9c3f-1caa0ebdd4fb,https://greenbone.github.io/docs,active,,,,,2025-04-12 00:20:22.276157+00,2025-04-12 00:20:22.276157+00
161c206a-e6a3-4033-baf2-dc7edc6d03e6,https://ine.com/learning/paths/cloud-security,active,,,,,2025-04-12 00:20:22.276157+00,2025-04-12 00:20:22.276157+00
16550343-3488-4550-8696-bf2425e9aa38,https://youtube.com/@TCMSecurityAcademy,active,,,,,2025-04-12 00:20:22.276157+00,2025-04-12 00:20:22.276157+00
17187fd1-443e-4782-85ef-3bc85af9f2d0,https://docs.tanium.com,active,,,,,2025-04-12 00:20:22.276157+00,2025-04-12 00:20:22.276157+00
178e3274-e842-46a0-9fb1-5d1e55646503,https://www.usenix.org/conference/usenixsecurity23,active,,,,,2025-04-12 00:20:22.276157+00,2025-04-12 00:20:22.276157+00
17b4bf0b-5142-409e-970c-f40428a27d86,https://www.practical-devsecops.com/container-security,active,,,,,2025-04-12 00:20:22.276157+00,2025-04-12 00:20:22.276157+00
181cfb8e-3a06-4ba8-883f-c8367c3f3d8a,https://www.amazon.com/Linux-Basics-Hackers-Networking-Scripting/dp/1593278551,active,,,,,2025-04-12 00:20:22.276157+00,2025-04-12 00:20:22.276157+00
18ab1615-9a46-40d4-aff1-0a045b3ecb2c,https://securityboulevard.com,active,,,,,2025-04-12 00:20:22.276157+00,2025-04-12 00:20:22.276157+00
18ccb8ab-26f8-417e-ad04-8f86aab3ca55,https://www.mkdynamics.net/Sections/Computer_Programming/C/Backdoored_Webserver/backdoored_webserver.html,active,,,,,2025-04-12 00:20:22.276157+00,2025-04-12 00:20:22.276157+00
199ab1cf-e522-45d3-ab47-9f0a55e70dd1,https://www.cyberaces.org,active,,,,,2025-04-12 00:20:22.276157+00,2025-04-12 00:20:22.276157+00
19ff4c39-d482-4011-99f7-d81215e0e31f,https://youtu.be/WV7KTqVstb0,active,,,,,2025-04-12 00:20:22.276157+00,2025-04-12 00:20:22.276157+00
1ac73e07-4af5-4063-9b58-66f62c6d46d1,https://t.me/cybersecurityhub,active,,,,,2025-04-12 00:20:22.276157+00,2025-04-12 00:20:22.276157+00
1b92e0c4-b184-42d9-b549-e960b6b9c909,https://www.cve.org/Media/News/AllNews,active,,,,,2025-04-12 00:20:22.276157+00,2025-04-12 00:20:22.276157+00
1bd1acfe-c5af-4bc1-9830-dbe8edb02b2a,https://securityaffairs.com,active,,,,,2025-04-12 00:20:22.276157+00,2025-04-12 00:20:22.276157+00
1c1b2ee0-2fe8-4313-8441-888f517acc51,https://sectools.org,active,,,,,2025-04-12 00:20:22.276157+00,2025-04-12 00:20:22.276157+00
1c1f2734-79d9-499a-a1e7-1735c5e1df3d,https://owasp.org/www-project-top-ten,active,,,,,2025-04-12 00:20:22.276157+00,2025-04-12 00:20:22.276157+00
1cbdaf38-77c1-4365-9f35-a66a5b4c10b9,https://redteamvillage.org,active,,,,,2025-04-12 00:20:22.276157+00,2025-04-12 00:20:22.276157+00
1d450185-0e13-4a21-bb2d-85c027215252,https://www.youtube.com/c/GynvaelEN,active,,,,,2025-04-12 00:20:22.276157+00,2025-04-12 00:20:22.276157+00
1d524b43-be42-403e-b39a-b4f4aab4254f,https://www.virustotal.com,active,,,,,2025-04-12 00:20:22.276157+00,2025-04-12 00:20:22.276157+00
1da0aa71-2fba-405d-b5fb-eae119e5eac8,https://man7.org/linux/man-pages,active,,,,,2025-04-12 00:20:22.276157+00,2025-04-12 00:20:22.276157+00
1eaa746a-f6c9-4e5e-96a2-c9bdb5491c46,https://www.comptia.org,active,,,,,2025-04-12 00:20:22.276157+00,2025-04-12 00:20:22.276157+00
1feb6b34-0e20-4dcc-bce9-2a80b1a4078e,https://www.youtube.com/@DayCyberwox,active,,,,,2025-04-12 00:20:22.276157+00,2025-04-12 00:20:22.276157+00
21446ab7-d855-4ea1-8068-1278a61f47e1,https://lolbas-project.github.io,active,,,,,2025-04-12 00:20:22.276157+00,2025-04-12 00:20:22.276157+00
22026f58-21ce-4246-be01-8f58630c858d,https://example.com/article3,active,,,,,2025-04-12 00:20:22.276157+00,2025-04-12 00:20:22.276157+00
2242dff6-2610-4e45-beca-e592b95c9c69,https://svn.nmap.org/nmap/docs/nmap-refguide.pdf,active,,,,,2025-04-12 00:20:22.276157+00,2025-04-12 00:20:22.276157+00
22ea2ee0-11bd-490f-894e-d67739c087e2,https://www.youtube.com/user/DEFCONConference,active,,,,,2025-04-12 00:20:22.276157+00,2025-04-12 00:20:22.276157+00
22f748ad-0efe-4eb8-9670-422fbc760f86,https://cloudsec.substack.com,active,,,,,2025-04-12 00:20:22.276157+00,2025-04-12 00:20:22.276157+00
23842767-3e76-4bc7-b7ee-35514271f10b,https://www.amazon.com/Shellcoders-Handbook-Discovering-Exploiting-Security/dp/047008023X,active,,,,,2025-04-12 00:20:22.276157+00,2025-04-12 00:20:22.276157+00
23ae5b54-dbe0-4b1d-95f0-c69e9e3e679e,https://hackforums.net,active,,,,,2025-04-12 00:20:22.276157+00,2025-04-12 00:20:22.276157+00
247a1477-6605-482c-8621-b7a2ce6f535a,https://www.cybersecuritydive.com,active,,,,,2025-04-12 00:20:22.276157+00,2025-04-12 00:20:22.276157+00
256428de-9edb-4d7f-ab44-c4f5db2375cf,https://www.sans.org/posters/mitre-attck-matrix,active,,,,,2025-04-12 00:20:22.276157+00,2025-04-12 00:20:22.276157+00
256899a3-18fd-4962-861e-4cf4b486ce23,https://www.reddit.com/r/SecurityCareerAdvice,active,,,,,2025-04-12 00:20:22.276157+00,2025-04-12 00:20:22.276157+00
2582c5dd-9731-4338-8e6b-22d5f4b9cae1,https://www.govware.sg,active,,,,,2025-04-12 00:20:22.276157+00,2025-04-12 00:20:22.276157+00
2602fb85-5275-488c-93c5-e8ef44c3eb94,https://www.offensive-security.com/awae-oswe,active,,,,,2025-04-12 00:20:22.276157+00,2025-04-12 00:20:22.276157+00
270587ed-945a-49ec-9290-04cb81a47432,https://news.marriott.com/news/2018/11/30/marriott-announces-starwood-guest-reservation-database-security-incident,active,,,,,2025-04-12 00:20:22.276157+00,2025-04-12 00:20:22.276157+00
273736ef-0d6f-4c3c-870b-b6daed774228,https://www.forbes.com/cybersecurity,active,,,,,2025-04-12 00:20:22.276157+00,2025-04-12 00:20:22.276157+00
2738914a-8a47-414c-b75d-ab26ea8fedb6,https://resources.infosecinstitute.com,active,,,,,2025-04-12 00:20:22.276157+00,2025-04-12 00:20:22.276157+00
280c0883-3fb5-4beb-980b-558ca3af38e1,https://thehackernews.com/2024/04/new-lockbit-30-ransomware-variant.html,active,,,,,2025-04-12 00:20:22.276157+00,2025-04-12 00:20:22.276157+00
2906b49f-cef2-4ba1-926c-580444559e64,https://mobsf.github.io/docs,active,,,,,2025-04-12 00:20:22.276157+00,2025-04-12 00:20:22.276157+00
292903d1-d010-4881-9f9c-bbc3942c71f4,https://www.depts.ttu.edu/itts/apps/handouts/Introduction_to_Linux_1.pdf,active,,,,,2025-04-12 00:20:22.276157+00,2025-04-12 00:20:22.276157+00
29c4b933-4cec-433b-bc48-0354407bd9dd,https://www.sans.org/security-awareness-training/reports/security-awareness-report,active,,,,,2025-04-12 00:20:22.276157+00,2025-04-12 00:20:22.276157+00
2a1c66d3-502e-43a0-abb3-b0e1dde59c51,https://www.cisa.gov/sites/default/files/publications/AR21-079A_SolarWinds_and_AD_Microsoft_365_Compromise.pdf,active,,,,,2025-04-12 00:20:22.276157+00,2025-04-12 00:20:22.276157+00
2a1f1a2a-c328-4ca4-a416-4b4d2a29108b,https://www.cisa.gov/uscert,active,,,,,2025-04-12 00:20:22.276157+00,2025-04-12 00:20:22.276157+00
2ab6e932-63eb-4744-8e5a-f7299f97470a,https://zeltser.com/lookup-malicious-websites,active,,,,,2025-04-12 00:20:22.276157+00,2025-04-12 00:20:22.276157+00
2b4c9669-0490-490a-88c1-e2233370d4d0,https://letsdefend.io,active,,,,,2025-04-12 00:20:22.276157+00,2025-04-12 00:20:22.276157+00
2bc05174-c09d-40f4-9351-8f5f4b1630ed,https://www.gao.gov/assets/gao-18-558.pdf,active,,,,,2025-04-12 00:20:22.276157+00,2025-04-12 00:20:22.276157+00
2bc447c2-a072-4d6f-9bc3-0fc59a441e59,https://docs.paloaltonetworks.com/prisma/prisma-cloud,active,,,,,2025-04-12 00:20:22.276157+00,2025-04-12 00:20:22.276157+00
2bd662a4-7d52-4fcd-8380-16f8083d64ce,https://www.blueteamsec.com,active,,,,,2025-04-12 00:20:22.276157+00,2025-04-12 00:20:22.276157+00
2c122a94-6a34-46eb-98bf-ca34f99ed685,https://shellcon.io,active,,,,,2025-04-12 00:20:22.276157+00,2025-04-12 00:20:22.276157+00
2c18fe89-02f1-45f4-8c35-a8f2f898d2bd,https://developers.virustotal.com,active,,,,,2025-04-12 00:20:22.276157+00,2025-04-12 00:20:22.276157+00
2c878461-f9b4-40a4-9ddf-ab76ca0e1ac2,https://www.digitalocean.com/community/tutorials/ufw-essentials-common-firewall-rules-and-commands,active,,,,,2025-04-12 00:20:22.276157+00,2025-04-12 00:20:22.276157+00
2cd1f4c1-964c-4d2a-85c0-5be8e02dd0e6,https://www.eu-cyberweek.eu,active,,,,,2025-04-12 00:20:22.276157+00,2025-04-12 00:20:22.276157+00
2ce4f0c9-2b01-45fa-a3c3-fee79eb19e37,https://www.securityblue.team,active,,,,,2025-04-12 00:20:22.276157+00,2025-04-12 00:20:22.276157+00
2d4f8d47-9034-44c2-b8a1-258188619ec7,https://risky.biz,active,,,,,2025-04-12 00:20:22.276157+00,2025-04-12 00:20:22.276157+00
2d681cb6-d463-4f1d-857d-02b246f1931b,https://www.commsisac.org,active,,,,,2025-04-12 00:20:22.276157+00,2025-04-12 00:20:22.276157+00
2de5fe8a-d432-4701-b0c7-03dea8ef756a,https://www.amazon.com/Practical-Malware-Analysis-Hands-Dissecting/dp/1593272901,active,,,,,2025-04-12 00:20:22.276157+00,2025-04-12 00:20:22.276157+00
2f3c67d3-9eb1-4961-b453-a6a1aa1ffb7e,https://www.wired.com/category/security,active,,,,,2025-04-12 00:20:22.276157+00,2025-04-12 00:20:22.276157+00
2fd85430-dd36-4ffe-bc0e-b3554ac16864,https://gtfobins.github.io,active,,,,,2025-04-12 00:20:22.276157+00,2025-04-12 00:20:22.276157+00
302dfbee-1000-468c-8e28-72b502935cd6,https://www.sans.org/sec508,active,,,,,2025-04-12 00:20:22.276157+00,2025-04-12 00:20:22.276157+00
30a83740-11f8-45f0-bbb9-1f9557cf315f,https://cryptohack.org,active,,,,,2025-04-12 00:20:22.276157+00,2025-04-12 00:20:22.276157+00
316372a6-5ed1-48aa-925b-190fbdaf6a6c,https://www.rapid7.com/blog,active,,,,,2025-04-12 00:20:22.276157+00,2025-04-12 00:20:22.276157+00
31acde34-f92a-4e69-838c-5e94411cda65,https://linuxhandbook.com/bash,active,,,,,2025-04-12 00:20:22.276157+00,2025-04-12 00:20:22.276157+00
31b7d639-3349-4010-8570-b76290691c12,https://www.sans.org/dfir,active,,,,,2025-04-12 00:20:22.276157+00,2025-04-12 00:20:22.276157+00
31d4da2a-3822-497e-b1b0-b1cc6281b8e0,https://stackoverflow.com/questions/tagged/security,active,,,,,2025-04-12 00:20:22.276157+00,2025-04-12 00:20:22.276157+00
322744b3-ce65-43d8-a782-c03b969e3cb2,https://t.me/bugbountyworld,active,,,,,2025-04-12 00:20:22.276157+00,2025-04-12 00:20:22.276157+00
32a60698-1530-448d-b486-2214c8684144,https://www.sans.org/cyber-security-summit,active,,,,,2025-04-12 00:20:22.276157+00,2025-04-12 00:20:22.276157+00
3422f109-32ad-43b7-b020-aa8d01cbe3c3,https://therecord.media,active,,,,,2025-04-12 00:20:22.276157+00,2025-04-12 00:20:22.276157+00
34e7d1ec-4bbb-4632-a045-4f7f7f6a0aec,https://learn-anything.xyz/computer-science/security,active,,,,,2025-04-12 00:20:22.276157+00,2025-04-12 00:20:22.276157+00
350250d0-edb0-4a0b-b966-8b27f2e64f5e,https://www.eccouncil.org,active,,,,,2025-04-12 00:20:22.276157+00,2025-04-12 00:20:22.276157+00
35242ef1-f358-4a39-aade-cfc94a302a31,https://news.sophos.com,active,,,,,2025-04-12 00:20:22.276157+00,2025-04-12 00:20:22.276157+00
3527858a-b204-4778-aa60-5e768830d821,https://learn.microsoft.com/en-us/security,active,,,,,2025-04-12 00:20:22.276157+00,2025-04-12 00:20:22.276157+00
3527e165-c0ca-4034-9610-2614e24516ec,https://t.me/osinttechniques,active,,,,,2025-04-12 00:20:22.276157+00,2025-04-12 00:20:22.276157+00
352f7794-e4ac-4f29-89f7-241626aa1cc0,https://ctftime.org,active,,,,,2025-04-12 00:20:22.276157+00,2025-04-12 00:20:22.276157+00
35a95b11-aed1-4adb-9ea4-44d46bf9c019,https://attackdefense.com,active,,,,,2025-04-12 00:20:22.276157+00,2025-04-12 00:20:22.276157+00
35abf16a-dcc6-4229-a49d-05378b8f7dcc,https://bsideslv.org,active,,,,,2025-04-12 00:20:22.276157+00,2025-04-12 00:20:22.276157+00
35f6416f-ef10-4139-a13c-9d18d5bfb158,https://zeek.org,active,,,,,2025-04-12 00:20:22.276157+00,2025-04-12 00:20:22.276157+00
36d5f9ec-5c81-438b-91a4-c9eca00b4033,https://volatility3.readthedocs.io,active,,,,,2025-04-12 00:20:22.276157+00,2025-04-12 00:20:22.276157+00
36e389b3-d6aa-48cf-b72b-b6be4868d731,https://www.trellix.com/en-us/about/newsroom/stories/threat-labs.html,active,,,,,2025-04-12 00:20:22.276157+00,2025-04-12 00:20:22.276157+00
36ee99d9-143b-418b-b6e2-4b5ccf073e3f,https://www.skool.com/web-app-sec,active,,,,,2025-04-12 00:20:22.276157+00,2025-04-12 00:20:22.276157+00
37058a67-a1ff-4b51-afd7-08f3bbfc484a,https://www.schneier.com,active,,,,,2025-04-12 00:20:22.276157+00,2025-04-12 00:20:22.276157+00
374b7718-afec-4287-a2e8-679a4ee00c92,https://owasp.org/events,active,,,,,2025-04-12 00:20:22.276157+00,2025-04-12 00:20:22.276157+00
37c21cf5-de3e-4728-ab0c-015d5a8e7ddf,https://www.amazon.com/CompTIA-Security-Study-Guide-SY0-601/dp/1119736250,active,,,,,2025-04-12 00:20:22.276157+00,2025-04-12 00:20:22.276157+00
3839d6e3-9be0-4b15-aa86-1e189f8064e5,https://tryhackme.com/path/outline/complete-beginner,active,,,,,2025-04-12 00:20:22.276157+00,2025-04-12 00:20:22.276157+00
388c73fa-78c3-42a9-963a-fc0b393dad79,https://nmap.org/book,active,,,,,2025-04-12 00:20:22.276157+00,2025-04-12 00:20:22.276157+00
38c88705-1dcb-4cad-b56b-a9c9446828bd,https://www.wireshark.org/docs/wsug_html_chunked,active,,,,,2025-04-12 00:20:22.276157+00,2025-04-12 00:20:22.276157+00
38e45448-7341-42e6-b36b-1283837d3831,https://www.securitybsides.org,active,,,,,2025-04-12 00:20:22.276157+00,2025-04-12 00:20:22.276157+00
395725fc-673d-42ba-aec4-2e8241c01a55,https://www.sleuthkit.org/autopsy/docs.php,active,,,,,2025-04-12 00:20:22.276157+00,2025-04-12 00:20:22.276157+00
39d8519b-f865-485e-a93c-4d7602868781,https://docs.microsoft.com/en-us/sysinternals,active,,,,,2025-04-12 00:20:22.276157+00,2025-04-12 00:20:22.276157+00
39edc8f6-1ce1-45f6-a00f-515c65cd126f,https://www.cve.org/Media/News/Blogs,active,,,,,2025-04-12 00:20:22.276157+00,2025-04-12 00:20:22.276157+00
39f28d1f-d6a0-451d-9207-e4d11dc8630c,https://snort.org/documents,active,,,,,2025-04-12 00:20:22.276157+00,2025-04-12 00:20:22.276157+00
3a3aaf92-a745-4bc8-a035-bdc2430cd83e,https://www.reddit.com/r/CompTIA,active,,,,,2025-04-12 00:20:22.276157+00,2025-04-12 00:20:22.276157+00
3b679665-7893-46e8-8343-a7acb258cc9b,https://app.hackthebox.com/starting-point,active,,,,,2025-04-12 00:20:22.276157+00,2025-04-12 00:20:22.276157+00
3be440cf-bbea-492d-85a5-de5e08d7e1c4,https://www.sans.org/sec401,active,,,,,2025-04-12 00:20:22.276157+00,2025-04-12 00:20:22.276157+00
3bf78b40-d462-4ae8-bd58-a4e717398b3f,https://www.youtube.com/user/Computerphile,active,,,,,2025-04-12 00:20:22.276157+00,2025-04-12 00:20:22.276157+00
3c2b598c-ef40-4746-9137-7aa9141bf351,https://www.hybrid-analysis.com,active,,,,,2025-04-12 00:20:22.276157+00,2025-04-12 00:20:22.276157+00
3c6ea699-8f6e-4b1b-815d-9ddbf408801f,https://www.cloudskillsboost.google/journeys/16,active,,,,,2025-04-12 00:20:22.276157+00,2025-04-12 00:20:22.276157+00
3dacfdb3-6b5d-4613-bab7-a0cded079ecc,https://www.codecademy.com,active,,,,,2025-04-12 00:20:22.276157+00,2025-04-12 00:20:22.276157+00
3dbab491-3a1c-4cee-bc75-cc1d7bce1b6d,https://isc.sans.edu/forums,active,,,,,2025-04-12 00:20:22.276157+00,2025-04-12 00:20:22.276157+00
3debb60a-9d53-4089-893f-e4484300b5a0,https://www.cybersecurityfestival.com,active,,,,,2025-04-12 00:20:22.276157+00,2025-04-12 00:20:22.276157+00
3df8e1cd-2056-4fdd-b2ec-1eed94d10318,https://www.fortinet.com/blog,active,,,,,2025-04-12 00:20:22.276157+00,2025-04-12 00:20:22.276157+00
3e785637-2fd9-4af9-a78b-869f1144372d,https://www.wireshark.org/docs,active,,,,,2025-04-12 00:20:22.276157+00,2025-04-12 00:20:22.276157+00
3ee7db54-4b42-4fed-a160-78aff4bfe0a3,https://www.skool.com/security-plus-intro,active,,,,,2025-04-12 00:20:22.276157+00,2025-04-12 00:20:22.276157+00
3f6f447b-fc0f-496e-91f4-2a6afcc63c2b,https://app.letsdefend.io,active,,,,,2025-04-12 00:20:22.276157+00,2025-04-12 00:20:22.276157+00
401824ea-de4e-48d7-9c1b-fcae90ea478c,https://www.itpro.com/security,active,,,,,2025-04-12 00:20:22.276157+00,2025-04-12 00:20:22.276157+00
40a54dda-4f78-44a2-a976-baa57495f923,https://haveibeenpwned.com,active,,,,,2025-04-12 00:20:22.276157+00,2025-04-12 00:20:22.276157+00
40c9c17c-6784-4d63-9672-e89479619936,https://yara.readthedocs.io/en/stable,active,,,,,2025-04-12 00:20:22.276157+00,2025-04-12 00:20:22.276157+00
418cf2b7-0a9a-48c3-ab9b-318fd737c8f3,https://www.pluralsight.com/paths/security-fundamentals,active,,,,,2025-04-12 00:20:22.276157+00,2025-04-12 00:20:22.276157+00
42023666-a603-4cb9-a7ba-f6e4d10b167b,https://www.cisco.com/c/en/us/training-events/training-certifications/certifications/associate/ccna.html,active,,,,,2025-04-12 00:20:22.276157+00,2025-04-12 00:20:22.276157+00
421e1ed6-70b0-427e-8179-21af4c97975d,https://www.skool.com/cybersecurity,active,,,,,2025-04-12 00:20:22.276157+00,2025-04-12 00:20:22.276157+00
42253247-27e5-4aec-9ec0-90494b1c251a,https://www.metasploit.com,active,,,,,2025-04-12 00:20:22.276157+00,2025-04-12 00:20:22.276157+00
4253a47e-22cd-47b9-ba12-fe1c88346348,https://thehackernews.com/2024/04/microsoft-april-2024-patch-tuesday.html,active,,,,,2025-04-12 00:20:22.276157+00,2025-04-12 00:20:22.276157+00
4326b475-a16a-4507-9859-9aa506c7f8da,https://www.sans.org/sec402,active,,,,,2025-04-12 00:20:22.276157+00,2025-04-12 00:20:22.276157+00
4363e4ae-92d2-42ab-a6ea-6cbfaf89c68e,https://www.youtube.com/c/DionTraining,active,,,,,2025-04-12 00:20:22.276157+00,2025-04-12 00:20:22.276157+00
436bcb7d-e6fb-4f5c-983f-9073eb307d31,https://www.mandiant.com/resources,active,,,,,2025-04-12 00:20:22.276157+00,2025-04-12 00:20:22.276157+00
438f0f89-e949-4816-96a4-1604bfb2ab6b,https://hardwear.io,active,,,,,2025-04-12 00:20:22.276157+00,2025-04-12 00:20:22.276157+00
43b8c27b-3790-4bba-adf4-1b5911cde2eb,https://www.cloudflare.com/learning/dns/what-is-dns,active,,,,,2025-04-12 00:20:22.276157+00,2025-04-12 00:20:22.276157+00
442d9c80-6cd4-4289-9f94-4f9d69f518e5,https://reddit.com/r/cybersecurity,active,,,,,2025-04-12 00:20:22.276157+00,2025-04-12 00:20:22.276157+00
44630877-f92e-4167-9fdb-f466a52bd5d1,https://docs.zeek.org,active,,,,,2025-04-12 00:20:22.276157+00,2025-04-12 00:20:22.276157+00
4498b1b4-3899-41b8-ba9f-39700fe08a61,https://awssecworkshops.com,active,,,,,2025-04-12 00:20:22.276157+00,2025-04-12 00:20:22.276157+00
4515ce8d-afb3-4033-8dfe-fefb3debad9a,https://hackinparis.com,active,,,,,2025-04-12 00:20:22.276157+00,2025-04-12 00:20:22.276157+00
4571b059-7d13-40e3-9efc-471d5836d270,https://www.offsec.com/metasploit-unleashed/mimikatz,active,,,,,2025-04-12 00:20:22.276157+00,2025-04-12 00:20:22.276157+00
45e4140a-b242-4686-b467-0d61a1b9b853,https://www.meetup.com/topics/cybersecurity,active,,,,,2025-04-12 00:20:22.276157+00,2025-04-12 00:20:22.276157+00
46c70d36-4596-4d80-9c3a-fb8cf3c16b10,https://cheatsheetseries.owasp.org,active,,,,,2025-04-12 00:20:22.276157+00,2025-04-12 00:20:22.276157+00
4740dd2e-3d78-4b29-849d-1d229f7271fb,https://hackertraining.org,active,,,,,2025-04-12 00:20:22.276157+00,2025-04-12 00:20:22.276157+00
4798f215-b648-4e0f-ad59-523525707d4d,https://www.welivesecurity.com,active,,,,,2025-04-12 00:20:22.276157+00,2025-04-12 00:20:22.276157+00
47b351ef-23bf-4520-8155-07fded355a96,https://owasp.org,active,,,,,2025-04-12 00:20:22.276157+00,2025-04-12 00:20:22.276157+00
484c3967-e8d2-4792-bf8f-39ef902ae1d4,https://googleprojectzero.blogspot.com,active,,,,,2025-04-12 00:20:22.276157+00,2025-04-12 00:20:22.276157+00
48651ff6-13ef-47d1-9267-036f90b3b73e,https://www.verizon.com/business/resources/reports/dbir,active,,,,,2025-04-12 00:20:22.276157+00,2025-04-12 00:20:22.276157+00
48935647-9b2d-49a4-a55c-8fad7a49e627,https://telegram.org,active,,,,,2025-04-12 00:20:22.276157+00,2025-04-12 00:20:22.276157+00
489510a1-4793-4cdf-9f5d-51b255555dc3,https://www.reddit.com/r/oscp,active,,,,,2025-04-12 00:20:22.276157+00,2025-04-12 00:20:22.276157+00
48b3b258-d114-4f97-af54-59276932e0d7,https://www.crowdstrike.com/blog,active,,,,,2025-04-12 00:20:22.276157+00,2025-04-12 00:20:22.276157+00
493bdbe7-9790-4c5e-9521-bff92c0e3d68,https://www.cybrary.it/catalog/career-paths,active,,,,,2025-04-12 00:20:22.276157+00,2025-04-12 00:20:22.276157+00
49972b58-78e7-40da-82c0-e2fee8598d65,https://tryhackme.com/path/outline/blueteam,active,,,,,2025-04-12 00:20:22.276157+00,2025-04-12 00:20:22.276157+00
49ce6929-f2fa-4ca9-8a3d-6dd64ab292a0,https://www.sans.org/webcasts,active,,,,,2025-04-12 00:20:22.276157+00,2025-04-12 00:20:22.276157+00
4a244c0e-a8a9-4fcd-ac22-528ffd976d58,https://www.reddit.com/r/blueteamsec,active,,,,,2025-04-12 00:20:22.276157+00,2025-04-12 00:20:22.276157+00
4a2ec074-fe49-4f0a-8c89-1313ecd78450,https://app.hackthebox.com,active,,,,,2025-04-12 00:20:22.276157+00,2025-04-12 00:20:22.276157+00
4a5c3eb0-caaa-4044-826a-24f10cbd31f8,https://www.youtube.com/davidbombal,active,,,,,2025-04-12 00:20:22.276157+00,2025-04-12 00:20:22.276157+00
4ad6eae9-b034-4ad9-a25e-94006163de8a,https://challenges.re,active,,,,,2025-04-12 00:20:22.276157+00,2025-04-12 00:20:22.276157+00
4b1cb35d-e6a3-4884-bb3e-46f5b89b4673,http://www.securitybsides.com,active,,,,,2025-04-12 00:20:22.276157+00,2025-04-12 00:20:22.276157+00
4b44f841-8c16-424d-97e3-530bef87b9b7,https://www.infosecinstitute.com/skills/career-paths,active,,,,,2025-04-12 00:20:22.276157+00,2025-04-12 00:20:22.276157+00
4b4e138d-3167-428f-a0c2-3a99d1d5fb37,https://www.linode.com/docs/guides/linux-red-team-persistence-techniques,active,,,,,2025-04-12 00:20:22.276157+00,2025-04-12 00:20:22.276157+00
4bd32c89-0927-47fb-b752-e78fafdd63a3,https://zeroday.substack.com,active,,,,,2025-04-12 00:20:22.276157+00,2025-04-12 00:20:22.276157+00
4c120afa-5040-4767-b848-255227ca1df4,https://carhacking.tools,active,,,,,2025-04-12 00:20:22.276157+00,2025-04-12 00:20:22.276157+00
4c6a35ed-06db-486c-831d-d3c802b343fd,https://www.youtube.com/c/LiveOverflow,active,,,,,2025-04-12 00:20:22.276157+00,2025-04-12 00:20:22.276157+00
4c8a7baf-0429-4bc5-b9e1-e82b17976ca1,https://ine.com/learning/areas/security,active,,,,,2025-04-12 00:20:22.276157+00,2025-04-12 00:20:22.276157+00
4dd7dfc7-5774-4b83-93a7-96a17657411b,https://support.torproject.org,active,,,,,2025-04-12 00:20:22.276157+00,2025-04-12 00:20:22.276157+00
4e14e31d-02d6-4d55-bb58-55eb6d4ededb,https://darknetdiaries.com,active,,,,,2025-04-12 00:20:22.276157+00,2025-04-12 00:20:22.276157+00
4f0d3c52-d0aa-40fb-917b-23f4ab6731f1,https://www.youtube.com/c/TechRaj,active,,,,,2025-04-12 00:20:22.276157+00,2025-04-12 00:20:22.276157+00
4f23adee-bb53-44ad-b1c3-7f231b77933a,https://any.run,active,,,,,2025-04-12 00:20:22.276157+00,2025-04-12 00:20:22.276157+00
4f294198-073f-44f7-abcb-81f28b6b9408,https://www.adminschoice.com/crontab-quick-reference,active,,,,,2025-04-12 00:20:22.276157+00,2025-04-12 00:20:22.276157+00
502af91a-cedf-4f0d-aeb1-53d1745e5033,https://community.cisco.com/t5/security-knowledge-base/tkb-p/4561-docs-security,active,,,,,2025-04-12 00:20:22.276157+00,2025-04-12 00:20:22.276157+00
50a063bd-db1c-4f2b-bf87-2d723825aa1b,https://www.professormesser.com,active,,,,,2025-04-12 00:20:22.276157+00,2025-04-12 00:20:22.276157+00
516673da-d357-4670-9351-83da613b2175,https://docs.aws.amazon.com/vpc/latest/userguide/vpc-security-groups.html,active,,,,,2025-04-12 00:20:22.276157+00,2025-04-12 00:20:22.276157+00
51713303-b6fc-44f3-a1ca-92edd00b825f,https://www.cheatography.com/davechild/cheat-sheets/windows-command-line,active,,,,,2025-04-12 00:20:22.276157+00,2025-04-12 00:20:22.276157+00
51c67417-d556-49be-96dd-baa5d95bb245,https://www.sentinelone.com/blog,active,,,,,2025-04-12 00:20:22.276157+00,2025-04-12 00:20:22.276157+00
52139aad-b749-44e5-85ef-01c84b779c35,https://www.youtube.com/c/BlackHillsInformationSecurity,active,,,,,2025-04-12 00:20:22.276157+00,2025-04-12 00:20:22.276157+00
5221537e-1d2a-4bfa-b3dd-9fa29334373b,https://suricata.io/docs,active,,,,,2025-04-12 00:20:22.276157+00,2025-04-12 00:20:22.276157+00
524881c8-6a12-4b20-a9da-677f5085ff18,https://www.informationsecuritybuzz.com,active,,,,,2025-04-12 00:20:22.276157+00,2025-04-12 00:20:22.276157+00
52f92947-b0cd-46cf-a5c9-a1dd9baf23e3,https://www.paloaltonetworks.com/blog,active,,,,,2025-04-12 00:20:22.276157+00,2025-04-12 00:20:22.276157+00
544988a8-333b-4343-8121-1c5911728718,https://nmap.org/book/man-briefoptions.html,active,,,,,2025-04-12 00:20:22.276157+00,2025-04-12 00:20:22.276157+00
5452ce20-dc39-4459-a9d0-bd2c0b838bf4,https://isc.sans.edu,active,,,,,2025-04-12 00:20:22.276157+00,2025-04-12 00:20:22.276157+00
54e18bee-d1a8-4076-b500-0342e0d3551b,https://osintframework.com,active,,,,,2025-04-12 00:20:22.276157+00,2025-04-12 00:20:22.276157+00
554b9968-7dfc-4505-89b3-9fca60c2ca7d,https://www.mkdynamics.net/Sections/Cybersecurity/SLAE64/Modules/Module_1/Section_3_GDB_Test/section_3_GDB_test.html,active,,,,,2025-04-12 00:20:22.276157+00,2025-04-12 00:20:22.276157+00
55b62235-5ab1-4b52-ba35-6cb2984c8eb9,https://www.sans.org/cyber-security-summit/cti,active,,,,,2025-04-12 00:20:22.276157+00,2025-04-12 00:20:22.276157+00
55ca616a-c99b-46b6-8039-19c442c68c0f,https://www.youtube.com/watch,active,,,,,2025-04-12 00:20:22.276157+00,2025-04-12 00:20:22.276157+00
55e074d3-9d2d-4d79-86b0-79916554de4a,https://www.microsoft.com/en-us/security/blog/topic/research,active,,,,,2025-04-12 00:20:22.276157+00,2025-04-12 00:20:22.276157+00
5653aafd-5eb4-4675-86d6-cae96ab4e930,https://blueteamcon.com,active,,,,,2025-04-12 00:20:22.276157+00,2025-04-12 00:20:22.276157+00
56d92a6b-97fb-47bf-8c9e-cadf9819f86d,https://www.eisac.com,active,,,,,2025-04-12 00:20:22.276157+00,2025-04-12 00:20:22.276157+00
57843940-7b42-4c91-92c9-e578aac9cb3c,https://www.volatilityfoundation.org,active,,,,,2025-04-12 00:20:22.276157+00,2025-04-12 00:20:22.276157+00
5885f10a-637a-4efc-b44a-18597938d742,https://ine.com/pages/cybersecurity,active,,,,,2025-04-12 00:20:22.276157+00,2025-04-12 00:20:22.276157+00
58c6679a-9e45-48db-bade-dee031ddb6fc,https://blog.talosintelligence.com,active,,,,,2025-04-12 00:20:22.276157+00,2025-04-12 00:20:22.276157+00
58cca93b-5fe0-4b5a-afdb-1dba274ffd98,https://www.microsoft.com/security/blog/topic/research,active,,,,,2025-04-12 00:20:22.276157+00,2025-04-12 00:20:22.276157+00
59864b79-c318-4f98-99b4-cd36e2f08536,https://www.recordedfuture.com,active,,,,,2025-04-12 00:20:22.276157+00,2025-04-12 00:20:22.276157+00
59f845be-c9c6-4d72-99d1-47218c3dff17,https://bsideslondon.com,active,,,,,2025-04-12 00:20:22.276157+00,2025-04-12 00:20:22.276157+00
5a97b85a-3c3e-493b-b123-299df4cbad3e,https://www.webdyno.net/post/common-cyberattacks-understanding-the-threats,active,,,,,2025-04-12 00:20:22.276157+00,2025-04-12 00:20:22.276157+00
5b5f3e4b-ea79-40bf-bfa0-c0eb5566a09c,https://www.rexegg.com/regex-quickstart.html,active,,,,,2025-04-12 00:20:22.276157+00,2025-04-12 00:20:22.276157+00
5b628fb4-6ad7-482b-b603-6a24d4ea5f9d,https://www.scmagazine.com,active,,,,,2025-04-12 00:20:22.276157+00,2025-04-12 00:20:22.276157+00
5c0a7d7a-316e-4122-af7e-c88686641403,https://cloudsecurityalliance.org,active,,,,,2025-04-12 00:20:22.276157+00,2025-04-12 00:20:22.276157+00
5c7c68ea-98b3-430d-b685-fc3fae043d38,https://securityblue.team/collections/soc-analyst-1,active,,,,,2025-04-12 00:20:22.276157+00,2025-04-12 00:20:22.276157+00
5cfb057b-ef15-42bb-9bc5-d897bdb0b032,https://isc.sans.edu/podcast.html,active,,,,,2025-04-12 00:20:22.276157+00,2025-04-12 00:20:22.276157+00
5d85ad0a-edc8-4547-8dde-6ccb1f4fb4ac,https://ctf.hacker101.com,active,,,,,2025-04-12 00:20:22.276157+00,2025-04-12 00:20:22.276157+00
5e919460-26c0-41c2-ae28-ba409905ec7f,https://bsidessf.org,active,,,,,2025-04-12 00:20:22.276157+00,2025-04-12 00:20:22.276157+00
5ec10c35-e3ca-40b0-9c7d-8fb6449ebfa8,https://www.cisco.com/c/en/us/support/security/secure-endpoint/series.html,active,,,,,2025-04-12 00:20:22.276157+00,2025-04-12 00:20:22.276157+00
5ed9498b-d8c3-4d3d-96ed-4b9b22300d28,https://grrcon.com,active,,,,,2025-04-12 00:20:22.276157+00,2025-04-12 00:20:22.276157+00
5ede58a1-8cb3-49e4-a59c-f5417196201a,https://www.youtube.com/c/JohnHammond010,active,,,,,2025-04-12 00:20:22.276157+00,2025-04-12 00:20:22.276157+00
5f2fadf8-0e85-4b38-8320-c0b3d706663d,https://www.hackthebox.com,active,,,,,2025-04-12 00:20:22.276157+00,2025-04-12 00:20:22.276157+00
5f32d2ce-37be-498d-b5a9-30931eed6764,https://www.kali.org/docs,active,,,,,2025-04-12 00:20:22.276157+00,2025-04-12 00:20:22.276157+00
60477fa5-78a5-4acb-b4c7-f5f4cd93af8d,https://learn.microsoft.com/en-us/training/browse,active,,,,,2025-04-12 00:20:22.276157+00,2025-04-12 00:20:22.276157+00
60f3d3e3-a037-49c1-a0b8-7792036f6671,https://www.first.org/conference,active,,,,,2025-04-12 00:20:22.276157+00,2025-04-12 00:20:22.276157+00
6119f7ba-5fbb-4d2f-b0ef-616186f80c74,https://www.wicys.org,active,,,,,2025-04-12 00:20:22.276157+00,2025-04-12 00:20:22.276157+00
613f4298-304f-4182-bca0-78c92d3db197,https://tryhackme.com/discord,active,,,,,2025-04-12 00:20:22.276157+00,2025-04-12 00:20:22.276157+00
61ea1692-32fe-4bb8-b72c-48d5341331c2,https://www.cvedetails.com,active,,,,,2025-04-12 00:20:22.276157+00,2025-04-12 00:20:22.276157+00
62027c12-0383-48f1-a260-93c48c0200f4,https://tryhackme.com/path/outline/forensics,active,,,,,2025-04-12 00:20:22.276157+00,2025-04-12 00:20:22.276157+00
6203b79b-8c8e-4ad2-8125-e195aed4040d,https://cybersecurityventures.com/cybercrime-magazine,active,,,,,2025-04-12 00:20:22.276157+00,2025-04-12 00:20:22.276157+00
625e78d4-c4ee-428d-afa6-7c1cc9b883ee,https://otx.alienvault.com,active,,,,,2025-04-12 00:20:22.276157+00,2025-04-12 00:20:22.276157+00
6286b8fe-562c-4bad-bf0d-53562d4fe5f3,https://www.corelan-training.com,active,,,,,2025-04-12 00:20:22.276157+00,2025-04-12 00:20:22.276157+00
630fe1ee-360d-430c-9090-19b5153503d9,https://www.etsi.org/technologies/quantum-safe-cryptography,active,,,,,2025-04-12 00:20:22.276157+00,2025-04-12 00:20:22.276157+00
6399cb74-60a9-4d84-9f72-562c9cf16228,https://tryhackme.com/path/outline/presecurity,active,,,,,2025-04-12 00:20:22.276157+00,2025-04-12 00:20:22.276157+00
63c3f50e-60be-4a7e-b540-71e0472bb138,https://packetstormsecurity.com,active,,,,,2025-04-12 00:20:22.276157+00,2025-04-12 00:20:22.276157+00
63fdaa0d-b353-444c-bc12-8508e54f9e7f,https://nakedsecurity.sophos.com,active,,,,,2025-04-12 00:20:22.276157+00,2025-04-12 00:20:22.276157+00
640c1874-33ef-4eed-880e-fc9b279f79cf,https://www.tutorialspoint.com/bash/index.htm,active,,,,,2025-04-12 00:20:22.276157+00,2025-04-12 00:20:22.276157+00
64249aad-db7a-4691-8eb6-c2d99289fa6b,https://learn.microsoft.com/en-us/training/paths/intro-to-security,active,,,,,2025-04-12 00:20:22.276157+00,2025-04-12 00:20:22.276157+00
64675564-5e9c-4203-a3bc-4fd31d275436,https://developer.mozilla.org/en-US/docs/Learn/Common_questions/Web_mechanics/How_does_the_Internet_work,active,,,,,2025-04-12 00:20:22.276157+00,2025-04-12 00:20:22.276157+00
6477a9f2-9bb8-4a98-b47d-81879d780d6a,https://www.giac.org/certification/certified-forensic-analyst-gcfa,active,,,,,2025-04-12 00:20:22.276157+00,2025-04-12 00:20:22.276157+00
6499e98a-4a69-4bdf-ab7a-5f3c171c11f6,https://overthewire.org/wargames/bandit,active,,,,,2025-04-12 00:20:22.276157+00,2025-04-12 00:20:22.276157+00
64e258cb-4b67-4c8f-a329-8d4759e675de,https://www.nationalccdc.org,active,,,,,2025-04-12 00:20:22.276157+00,2025-04-12 00:20:22.276157+00
6526def2-5fc3-4fc5-a5a5-198841827908,https://sushant747.gitbooks.io/total-oscp-guide/content,active,,,,,2025-04-12 00:20:22.276157+00,2025-04-12 00:20:22.276157+00
65850aa1-0c34-4cfd-bd89-0ed0fba541b8,https://picoctf.org,active,,,,,2025-04-12 00:20:22.276157+00,2025-04-12 00:20:22.276157+00
6600818e-f45a-4a56-b1cd-9d13a29e6b76,https://dodcio.defense.gov/CMMC,active,,,,,2025-04-12 00:20:22.276157+00,2025-04-12 00:20:22.276157+00
6673fa88-5671-42b6-b5e4-1b3166265d06,https://defcon.org,active,,,,,2025-04-12 00:20:22.276157+00,2025-04-12 00:20:22.276157+00
686db54b-bb2b-4c0e-806b-d88c5e1e9017,https://www.cybernexacademy.com,active,,,,,2025-04-12 00:20:22.276157+00,2025-04-12 00:20:22.276157+00
687458b4-a5ea-4a47-a413-b1629661207a,https://www.rsaconference.com,active,,,,,2025-04-12 00:20:22.276157+00,2025-04-12 00:20:22.276157+00
68c3d45d-5812-46cb-a332-a862e7959a68,https://suricata.readthedocs.io/en/latest/rules/intro.html,active,,,,,2025-04-12 00:20:22.276157+00,2025-04-12 00:20:22.276157+00
68c5ea89-8d8c-4491-8b33-e75cd78bd936,https://www.microsoft.com/en-us/security/blog,active,,,,,2025-04-12 00:20:22.276157+00,2025-04-12 00:20:22.276157+00
692a0b62-729e-4f1f-8b49-6ced0f18af7f,https://dvwa.co.uk,active,,,,,2025-04-12 00:20:22.276157+00,2025-04-12 00:20:22.276157+00
69455f00-7650-4e33-881f-1a462f028726,https://www.iso.org/standard/75106.html,active,,,,,2025-04-12 00:20:22.276157+00,2025-04-12 00:20:22.276157+00
69cce028-28c7-4b53-86c1-62b36438320b,https://docs.aws.amazon.com/securityhub,active,,,,,2025-04-12 00:20:22.276157+00,2025-04-12 00:20:22.276157+00
6a40c888-c1b5-4b8c-9295-39004e7c3f71,https://www.pcisecuritystandards.org,active,,,,,2025-04-12 00:20:22.276157+00,2025-04-12 00:20:22.276157+00
6a709152-0ffd-4b96-915f-e9c6be8ea436,https://www.youtube.com/user/professormesser,active,,,,,2025-04-12 00:20:22.276157+00,2025-04-12 00:20:22.276157+00
6a8cd850-cfe7-4628-9445-57dabb7731fb,https://schema.org,active,,,,,2025-04-12 00:20:22.276157+00,2025-04-12 00:20:22.276157+00
6aac5c59-cf31-45ad-8285-303e47bff2f4,https://apps.microsoft.com/store/detail/windbg-preview/9PGJGD53TN86,active,,,,,2025-04-12 00:20:22.276157+00,2025-04-12 00:20:22.276157+00
6b1b6631-4eaa-4d19-94de-784602dd406e,https://www.youtube.com/networkchuck,active,,,,,2025-04-12 00:20:22.276157+00,2025-04-12 00:20:22.276157+00
6b2fdc19-a64c-4570-929c-6651c3118519,https://www.virtualbox.org,active,,,,,2025-04-12 00:20:22.276157+00,2025-04-12 00:20:22.276157+00
6b574dd5-1d07-4e82-bca9-05df3147f95d,https://try2hack.me,active,,,,,2025-04-12 00:20:22.276157+00,2025-04-12 00:20:22.276157+00
6b6b54e6-d9df-4492-8c86-7f31eaeafacb,https://reddit.com/r/AskNetsec,active,,,,,2025-04-12 00:20:22.276157+00,2025-04-12 00:20:22.276157+00
6bd29c6e-6e56-45a9-afa5-2b1d457f8d6e,https://www.youtube.com/c/ComputerSecurityStudent,active,,,,,2025-04-12 00:20:22.276157+00,2025-04-12 00:20:22.276157+00
6bdf3f9f-7af1-4b61-a09b-39022ff6ed2e,https://sigmahq.io,active,,,,,2025-04-12 00:20:22.276157+00,2025-04-12 00:20:22.276157+00
6c10d713-bf66-470a-bbed-49977ff2bb31,https://recon.cx,active,,,,,2025-04-12 00:20:22.276157+00,2025-04-12 00:20:22.276157+00
6d1b071d-96c1-4ccc-916c-912741bdc32a,https://www.ired.team/offensive-security/initial-access/t1187-forced-authentication,active,,,,,2025-04-12 00:20:22.276157+00,2025-04-12 00:20:22.276157+00
6d243c57-6f23-4fad-8f5a-7a78242e4b70,https://cybersecuritysummit.com,active,,,,,2025-04-12 00:20:22.276157+00,2025-04-12 00:20:22.276157+00
6d68733d-8709-4f63-9221-cf23c3b9e594,https://www.fsisac.com,active,,,,,2025-04-12 00:20:22.276157+00,2025-04-12 00:20:22.276157+00
6d89d996-57a3-4aa9-b85b-45eb771cea50,https://blog.trendmicro.com,active,,,,,2025-04-12 00:20:22.276157+00,2025-04-12 00:20:22.276157+00
6e4263c6-e958-48de-b7e6-d75af5798f9b,https://www.acunetix.com,active,,,,,2025-04-12 00:20:22.276157+00,2025-04-12 00:20:22.276157+00
6e638453-2b57-48dd-a8ae-ec3e7da5d04c,https://www.icscybersec.com,active,,,,,2025-04-12 00:20:22.276157+00,2025-04-12 00:20:22.276157+00
6f01f094-a9ea-438d-a96c-9efee8e250b7,https://cyberdefenders.org,active,,,,,2025-04-12 00:20:22.276157+00,2025-04-12 00:20:22.276157+00
6f2b1a51-d11d-4b68-b37b-69000916b655,https://techcrunch.com/tag/security,active,,,,,2025-04-12 00:20:22.276157+00,2025-04-12 00:20:22.276157+00
700123c5-d6d0-42c4-aef0-28ff1e1e6cae,https://www.skool.com/ethical-hacking-101,active,,,,,2025-04-12 00:20:22.276157+00,2025-04-12 00:20:22.276157+00
7168a0c4-b94a-4cca-af9b-85a8b1312fd6,https://aws.amazon.com/certification/certified-security-specialty,active,,,,,2025-04-12 00:20:22.276157+00,2025-04-12 00:20:22.276157+00
72876bae-72bd-48f9-980b-81ca49607156,https://www.derbycon.com,active,,,,,2025-04-12 00:20:22.276157+00,2025-04-12 00:20:22.276157+00
72bb2917-eae1-4346-b7ae-a0218455915b,https://www.skool.com/network-security-essentials,active,,,,,2025-04-12 00:20:22.276157+00,2025-04-12 00:20:22.276157+00
7320c664-69ab-4aba-b099-a2b3ff654037,https://riskybusiness.substack.com,active,,,,,2025-04-12 00:20:22.276157+00,2025-04-12 00:20:22.276157+00
733c9a59-d85a-474a-b459-196b33456144,https://www.zaproxy.org/docs,active,,,,,2025-04-12 00:20:22.276157+00,2025-04-12 00:20:22.276157+00
73f523a7-4f79-47e0-bd7b-bcd6e675261d,https://cryptopals.com,active,,,,,2025-04-12 00:20:22.276157+00,2025-04-12 00:20:22.276157+00
7414eeae-8057-47cd-87ed-47499adc2d6a,https://www.dfir.training,active,,,,,2025-04-12 00:20:22.276157+00,2025-04-12 00:20:22.276157+00
75243cf9-18a2-44cb-b874-688cbdfa1f07,https://www.cisa.gov/zero-trust-maturity-model,active,,,,,2025-04-12 00:20:22.276157+00,2025-04-12 00:20:22.276157+00
752e43e9-3fa4-4e8f-91ba-cb97eae0be96,https://learn.microsoft.com/security,active,,,,,2025-04-12 00:20:22.276157+00,2025-04-12 00:20:22.276157+00
753e7f19-6666-4418-ab7f-55353949bd3f,https://techcommunity.microsoft.com/t5/security-compliance-and-identity/ct-p/MicrosoftSecurityandCompliance,active,,,,,2025-04-12 00:20:22.276157+00,2025-04-12 00:20:22.276157+00
761f0b13-59ca-4d7d-a914-48e6bd5ab038,https://www.youtube.com/c/ThePCSecurityChannel,active,,,,,2025-04-12 00:20:22.276157+00,2025-04-12 00:20:22.276157+00
778e0ab1-d7a2-4d04-8426-e15cd664c730,https://www.snort.org/documents,active,,,,,2025-04-12 00:20:22.276157+00,2025-04-12 00:20:22.276157+00
77daf035-20cb-4bf3-bc07-0865c6fcae4f,https://www.offensive-security.com/pwk-oscp,active,,,,,2025-04-12 00:20:22.276157+00,2025-04-12 00:20:22.276157+00
78525e65-417a-4aae-9d75-486906370d54,https://ssd.eff.org,active,,,,,2025-04-12 00:20:22.276157+00,2025-04-12 00:20:22.276157+00
78b8786a-06b1-4b13-93fc-fba03929703d,https://ico.org.uk/media/action-weve-taken/mpns/2618524/marriott-international-inc-mpn-20201030.pdf,active,,,,,2025-04-12 00:20:22.276157+00,2025-04-12 00:20:22.276157+00
79001c07-292a-45b4-bcfc-b2c85c5756d0,https://www.terraform.io/docs,active,,,,,2025-04-12 00:20:22.276157+00,2025-04-12 00:20:22.276157+00
7900bfd8-8ed8-4e31-af33-e757c088a2f6,https://ryanstutorials.net/linux-tutorial/permissions.php,active,,,,,2025-04-12 00:20:22.276157+00,2025-04-12 00:20:22.276157+00
792f8134-31b0-4145-a982-549ced766b25,https://www.cyberdegrees.org/resources/the-big-list,active,,,,,2025-04-12 00:20:22.276157+00,2025-04-12 00:20:22.276157+00
7a0f1b6b-bb61-4afc-bce7-60da54508b83,https://nvd.nist.gov,active,,,,,2025-04-12 00:20:22.276157+00,2025-04-12 00:20:22.276157+00
7a6d10bd-26d4-4447-b097-8854323a104e,https://hackfest.ca,active,,,,,2025-04-12 00:20:22.276157+00,2025-04-12 00:20:22.276157+00
7afb1b48-2cdb-45b0-a618-b0d1e3fa5273,https://www.bbc.com/news/technology,active,,,,,2025-04-12 00:20:22.276157+00,2025-04-12 00:20:22.276157+00
7b329189-675e-4c25-a3c7-df30ea781353,https://www.eccouncil.org/programs/certified-ethical-hacker-ceh,active,,,,,2025-04-12 00:20:22.276157+00,2025-04-12 00:20:22.276157+00
7e49e83a-bb0e-4208-b0ef-31c18bfa2c23,https://news.sophos.com/en-us/2023/05/17/state-of-ransomware-report-2023,active,,,,,2025-04-12 00:20:22.276157+00,2025-04-12 00:20:22.276157+00
7e5d0b5b-fbce-4bb4-8404-083a56dc84f2,https://www.cloudsecurityexpo.com,active,,,,,2025-04-12 00:20:22.276157+00,2025-04-12 00:20:22.276157+00
7eebba01-7e8d-41be-ae8a-5e1cd1440a01,https://www.blackhat.com,active,,,,,2025-04-12 00:20:22.276157+00,2025-04-12 00:20:22.276157+00
7fb1261e-d237-4c74-b00f-6c2b34c8560f,https://t.me/securityalerts,active,,,,,2025-04-12 00:20:22.276157+00,2025-04-12 00:20:22.276157+00
80102094-eb12-4865-9d95-f22b4911a4f3,https://security.stackexchange.com,active,,,,,2025-04-12 00:20:22.276157+00,2025-04-12 00:20:22.276157+00
8059addf-37c9-446c-a093-189f3b0d244c,https://cset.georgetown.edu/publication/ai-and-the-future-of-cybersecurity,active,,,,,2025-04-12 00:20:22.276157+00,2025-04-12 00:20:22.276157+00
80650c6c-f653-4f16-9846-9136c63488b7,https://www.st-isac.org,active,,,,,2025-04-12 00:20:22.276157+00,2025-04-12 00:20:22.276157+00
817e0dc1-b5b3-49cb-b3d5-dffdc51d915d,https://www.isaca.org,active,,,,,2025-04-12 00:20:22.276157+00,2025-04-12 00:20:22.276157+00
81818cfd-a4d7-41b0-a07c-73d93816ae35,https://www.riscure.com/academy,active,,,,,2025-04-12 00:20:22.276157+00,2025-04-12 00:20:22.276157+00
8262d9b6-d3f8-4065-8cfc-8d9e1e1ac3f7,https://www.amazon.com/Rtfm-Red-Team-Field-Manual/dp/1494295504,active,,,,,2025-04-12 00:20:22.276157+00,2025-04-12 00:20:22.276157+00
8280871e-6142-4ab9-b1ce-1a42176bfc33,https://www.sans.org/reading-room,active,,,,,2025-04-12 00:20:22.276157+00,2025-04-12 00:20:22.276157+00
82909930-1799-4114-b0cc-7900e34fc2df,https://docs.opencti.io,active,,,,,2025-04-12 00:20:22.276157+00,2025-04-12 00:20:22.276157+00
82afd184-c2a1-4a5e-9ea5-e1907755c402,https://wpa-sec.stanev.org,active,,,,,2025-04-12 00:20:22.276157+00,2025-04-12 00:20:22.276157+00
83335819-f286-4266-81e5-daab1a88c2a3,https://threatpost.com,active,,,,,2025-04-12 00:20:22.276157+00,2025-04-12 00:20:22.276157+00
8428e2ae-b91a-4a2e-8221-8fab5becba50,https://www.cybrary.it,active,,,,,2025-04-12 00:20:22.276157+00,2025-04-12 00:20:22.276157+00
855a5846-1200-4284-93b8-c0d92fca26d8,https://cirt.net/Nikto2,active,,,,,2025-04-12 00:20:22.276157+00,2025-04-12 00:20:22.276157+00
857709c6-9f07-4bf4-95ff-5d95c4633d28,https://www.cs4ca.com,active,,,,,2025-04-12 00:20:22.276157+00,2025-04-12 00:20:22.276157+00
857cce19-25a6-42de-bc60-f2fa4864af00,https://conference.hitb.org,active,,,,,2025-04-12 00:20:22.276157+00,2025-04-12 00:20:22.276157+00
858ba023-02e9-4c9c-9667-ef22f7ed8e06,https://www.sans.org/posters/cybersecurity-acronyms-poster,active,,,,,2025-04-12 00:20:22.276157+00,2025-04-12 00:20:22.276157+00
85f22dbf-bd4d-4cf2-a4f3-4a8abc5c8e17,https://www.comptia.org/training/resources/security,active,,,,,2025-04-12 00:20:22.276157+00,2025-04-12 00:20:22.276157+00
85f66234-39ae-425b-be65-fa101185198f,https://securityweekly.substack.com,active,,,,,2025-04-12 00:20:22.276157+00,2025-04-12 00:20:22.276157+00
861da73d-327a-44d2-ac54-7103f2dea32c,https://www.youtube.com/c/NetworkChuck,active,,,,,2025-04-12 00:20:22.276157+00,2025-04-12 00:20:22.276157+00
862d172b-b319-4794-892a-9aa8c0d365d6,https://wiki.archlinux.org/title/Firewalls,active,,,,,2025-04-12 00:20:22.276157+00,2025-04-12 00:20:22.276157+00
8717645f-5feb-4075-92b3-93bc7bf50a21,https://engage.mitre.org,active,,,,,2025-04-12 00:20:22.276157+00,2025-04-12 00:20:22.276157+00
8780420c-7b04-4b9c-8e82-75f37bd7b52d,https://www.youtube.com/@blueteamlabs,active,,,,,2025-04-12 00:20:22.276157+00,2025-04-12 00:20:22.276157+00
8791fe99-2b6e-4375-a530-b2eada634157,https://securityonionsolutions.com,active,,,,,2025-04-12 00:20:22.276157+00,2025-04-12 00:20:22.276157+00
890c08c9-4c1a-401a-a1cd-769db5cb7b9e,https://www.elastic.co/guide,active,,,,,2025-04-12 00:20:22.276157+00,2025-04-12 00:20:22.276157+00
897d05da-45d5-4188-8518-8a1d36cc2c87,https://online.stanford.edu/courses/xine258-cybersecurity,active,,,,,2025-04-12 00:20:22.276157+00,2025-04-12 00:20:22.276157+00
89aa8071-5c2c-4bfb-a679-38f4fc258829,https://owasp.org/www-project-webgoat,active,,,,,2025-04-12 00:20:22.276157+00,2025-04-12 00:20:22.276157+00
8b1d44d5-ce53-4ed0-97c1-3a3d16a7d75c,https://cansecwest.com,active,,,,,2025-04-12 00:20:22.276157+00,2025-04-12 00:20:22.276157+00
8be6b33e-c21b-4176-bcc7-611027d7d4c8,https://www.technologyreview.com/topic/cybersecurity,active,,,,,2025-04-12 00:20:22.276157+00,2025-04-12 00:20:22.276157+00
8c1f3188-48ca-433e-ba87-f644752e9d3a,https://docs.aws.amazon.com/security,active,,,,,2025-04-12 00:20:22.276157+00,2025-04-12 00:20:22.276157+00
8c5b2bff-7e53-418a-8714-f84b246ba943,https://remnux.org,active,,,,,2025-04-12 00:20:22.276157+00,2025-04-12 00:20:22.276157+00
8c838fd2-ea43-4763-89e0-c49cf9068d74,https://academy.hackthebox.com/path/overview,active,,,,,2025-04-12 00:20:22.276157+00,2025-04-12 00:20:22.276157+00
8c9e4634-d53a-48c3-9b75-25bec3aa4a75,https://www.amazon.com/Guide-Kernel-Exploitation-Attacking-Core/dp/1597494860,active,,,,,2025-04-12 00:20:22.276157+00,2025-04-12 00:20:22.276157+00
8cff427e-4d13-430b-a9e9-851604318832,https://portswigger.net/burp/communitydownload,active,,,,,2025-04-12 00:20:22.276157+00,2025-04-12 00:20:22.276157+00
8d00a656-a272-4ca6-9a09-3cab0d0ba58d,https://crackstation.net,active,,,,,2025-04-12 00:20:22.276157+00,2025-04-12 00:20:22.276157+00
8d176894-78f8-490e-8d24-f666374cfc3b,https://youtu.be/v7BNtpw53AA,active,,,,,2025-04-12 00:20:22.276157+00,2025-04-12 00:20:22.276157+00
8d9f114e-7e55-4ac0-8697-a0f27bf172d9,https://www.wireshark.org,active,,,,,2025-04-12 00:20:22.276157+00,2025-04-12 00:20:22.276157+00
8da29473-0ebb-44c1-bac9-3521ea3cb66e,https://highon.coffee/blog/metasploit-pentesting-cheat-sheet,active,,,,,2025-04-12 00:20:22.276157+00,2025-04-12 00:20:22.276157+00
8db8aa0f-6d98-4721-91f7-2022a2c5fabe,https://overthewire.org/wargames,active,,,,,2025-04-12 00:20:22.276157+00,2025-04-12 00:20:22.276157+00
8e33aa0b-2816-459d-b5b9-f8504b3d5ab0,https://academy.hackthebox.com/course/preview/reverse-engineering,active,,,,,2025-04-12 00:20:22.276157+00,2025-04-12 00:20:22.276157+00
8ff6a885-7694-48b6-8215-1a5c01e57a0d,https://www.zdnet.com/blog/security,active,,,,,2025-04-12 00:20:22.276157+00,2025-04-12 00:20:22.276157+00
900fa0fc-afff-4a1d-9c9e-6b1ef4fe3420,https://www.pentesteracademy.com/course,active,,,,,2025-04-12 00:20:22.276157+00,2025-04-12 00:20:22.276157+00
90c2ecf3-24d4-4241-85c8-a52578c0c44a,https://attack.mitre.org,active,,,,,2025-04-12 00:20:22.276157+00,2025-04-12 00:20:22.276157+00
90eac1fd-b172-47cc-8c50-e3c4cd002261,https://binary.ninja,active,,,,,2025-04-12 00:20:22.276157+00,2025-04-12 00:20:22.276157+00
91317850-7432-481a-9a47-cc7c26f519a9,https://www.meetup.com/infosec-meetup,active,,,,,2025-04-12 00:20:22.276157+00,2025-04-12 00:20:22.276157+00
916a349f-f16d-425b-94aa-4392e17fe932,https://www.sans.org/cyber-security-courses,active,,,,,2025-04-12 00:20:22.276157+00,2025-04-12 00:20:22.276157+00
91d81c7e-f901-46d1-94ea-923103f7c7ff,https://nullcon.net,active,,,,,2025-04-12 00:20:22.276157+00,2025-04-12 00:20:22.276157+00
925429b7-28dd-42c1-afe8-3d71b037b739,https://www.educause.edu/focus-areas-and-initiatives/policy-and-security/cybersecurity-program,active,,,,,2025-04-12 00:20:22.276157+00,2025-04-12 00:20:22.276157+00
92777485-8304-4173-b891-f8407e93c7df,https://www.hacker101.com,active,,,,,2025-04-12 00:20:22.276157+00,2025-04-12 00:20:22.276157+00
9296ee5b-4f5f-432c-aace-e4ffb7f8d47c,https://www.skool.com/soc-analyst,active,,,,,2025-04-12 00:20:22.276157+00,2025-04-12 00:20:22.276157+00
92cd8b02-f053-48e3-bd0b-63becd4aaaa9,https://www.theregister.com/Security,active,,,,,2025-04-12 00:20:22.276157+00,2025-04-12 00:20:22.276157+00
92f21d00-1968-4e95-9125-8090c7d3d1ac,https://www.maltego.com/ce,active,,,,,2025-04-12 00:20:22.276157+00,2025-04-12 00:20:22.276157+00
93cd6b5a-8bd0-48c3-bc32-53404c01b6b8,https://www.sans.org,active,,,,,2025-04-12 00:20:22.276157+00,2025-04-12 00:20:22.276157+00
94466e7c-658d-4130-ba62-ab6d5945abdd,https://nvlpubs.nist.gov/nistpubs/SpecialPublications/NIST.SP.800-61r2.pdf,active,,,,,2025-04-12 00:20:22.276157+00,2025-04-12 00:20:22.276157+00
94cb0ad1-b6fd-4f2c-8de0-85a016119963,https://www.youtube.com/c/SecurityWeeklyTV,active,,,,,2025-04-12 00:20:22.276157+00,2025-04-12 00:20:22.276157+00
94ee7b7b-1655-444c-8a20-5dba2523fd50,https://nostarch.com/hacking2.htm,active,,,,,2025-04-12 00:20:22.276157+00,2025-04-12 00:20:22.276157+00
954b2ac9-0993-4b8c-8db5-2539b28b1c15,https://threatfox.abuse.ch,active,,,,,2025-04-12 00:20:22.276157+00,2025-04-12 00:20:22.276157+00
95b2caeb-7ccb-441e-9e8e-ecc3d5c99a2a,https://www.cisa.gov/news-events/news/colonial-pipeline-what-we-know,active,,,,,2025-04-12 00:20:22.276157+00,2025-04-12 00:20:22.276157+00
972d844b-c407-4c30-ad9e-b389f417cbcd,https://null-byte.wonderhowto.com,active,,,,,2025-04-12 00:20:22.276157+00,2025-04-12 00:20:22.276157+00
974b9bce-9d63-4752-87c3-9a7f5512c41a,https://roadmap.sh/cyber-security,active,,,,,2025-04-12 00:20:22.276157+00,2025-04-12 00:20:22.276157+00
978b3790-6477-47cb-be08-8b8ce525d38b,https://www.commerce.senate.gov/services/files/1FDC634B-7767-4405-959C-1A58F247B5F9,active,,,,,2025-04-12 00:20:22.276157+00,2025-04-12 00:20:22.276157+00
97c57cf2-a888-45ea-bb1b-c499ac56beaf,https://ghidra-sre.org/courses,active,,,,,2025-04-12 00:20:22.276157+00,2025-04-12 00:20:22.276157+00
9801acb6-ecea-4e22-a8bc-2d348a71eaeb,https://hashcat.net/hashcat,active,,,,,2025-04-12 00:20:22.276157+00,2025-04-12 00:20:22.276157+00
9828617f-31b3-430d-a8e7-d0faa45e6104,https://www.enisa.europa.eu/news,active,,,,,2025-04-12 00:20:22.276157+00,2025-04-12 00:20:22.276157+00
9856db38-237a-4863-a071-c7541d8c84f0,https://cuckoosandbox.org,active,,,,,2025-04-12 00:20:22.276157+00,2025-04-12 00:20:22.276157+00
98c91130-ece8-478e-ab07-5c25c8cbd042,https://www.youtube.com/@MalwareAnalysisForHedgehogs,active,,,,,2025-04-12 00:20:22.276157+00,2025-04-12 00:20:22.276157+00
990a7625-b5c3-4aca-8621-6f9ec9e491ab,https://overthewire.org,active,,,,,2025-04-12 00:20:22.276157+00,2025-04-12 00:20:22.276157+00
9980972a-f6ec-4acc-9e16-b0d77be84536,https://www.cobaltstrike.com,active,,,,,2025-04-12 00:20:22.276157+00,2025-04-12 00:20:22.276157+00
99c0ef37-8829-4c9f-89ff-f5c7e23e1d97,https://t.me/malwareanalysis,active,,,,,2025-04-12 00:20:22.276157+00,2025-04-12 00:20:22.276157+00
99ff519b-0f26-45bd-9932-f18a6693ac62,https://training.offensive-security.com,active,,,,,2025-04-12 00:20:22.276157+00,2025-04-12 00:20:22.276157+00
9a12beda-0b55-4439-826c-2adc71cc7ebd,https://wildwesthackinfest.com,active,,,,,2025-04-12 00:20:22.276157+00,2025-04-12 00:20:22.276157+00
9a2c2c36-5a1e-44d6-9d6c-445aacc88bf9,https://www.openwall.com/john,active,,,,,2025-04-12 00:20:22.276157+00,2025-04-12 00:20:22.276157+00
9b4f6308-b3b4-41f8-920a-6b40b97f5f59,https://tryhackme.com/path/outline/pentesting,active,,,,,2025-04-12 00:20:22.276157+00,2025-04-12 00:20:22.276157+00
9b51fc5e-05f9-4eae-9392-86f89a0b8b80,https://www.kali.org,active,,,,,2025-04-12 00:20:22.276157+00,2025-04-12 00:20:22.276157+00
9bc86259-8896-4852-9134-ca055854564c,https://tcm-sec.com,active,,,,,2025-04-12 00:20:22.276157+00,2025-04-12 00:20:22.276157+00
9c0d02a7-8b62-47d1-badc-17841b77f432,https://pentesterlab.com/exercises,active,,,,,2025-04-12 00:20:22.276157+00,2025-04-12 00:20:22.276157+00
9c42b2b8-1ee4-41af-a2a7-be60551ab16e,https://nmap.org/book/man.html,active,,,,,2025-04-12 00:20:22.276157+00,2025-04-12 00:20:22.276157+00
9c60d0e0-c779-40a2-98e7-120e356c2773,https://www.reddit.com/r/cybersecurity,active,,,,,2025-04-12 00:20:22.276157+00,2025-04-12 00:20:22.276157+00
9c86e9ab-aec2-487e-8ba8-186ca22293e1,https://infosec.mozilla.org/guidelines/modern,active,,,,,2025-04-12 00:20:22.276157+00,2025-04-12 00:20:22.276157+00
9c8b54a0-4b2a-4894-90bb-f243b484f1e6,https://youtube.com/@LiveOverflow,active,,,,,2025-04-12 00:20:22.276157+00,2025-04-12 00:20:22.276157+00
9cb7c3aa-4947-425c-a02a-9ff118109439,https://blueteamlabs.online,active,,,,,2025-04-12 00:20:22.276157+00,2025-04-12 00:20:22.276157+00
9cfd9b88-dca1-4044-9482-137b7491a74c,https://www.skool.com/malware-lab,active,,,,,2025-04-12 00:20:22.276157+00,2025-04-12 00:20:22.276157+00
9d1a2ec2-80ff-4e87-976d-c3af16bcf650,https://www.hackinbo.it,active,,,,,2025-04-12 00:20:22.276157+00,2025-04-12 00:20:22.276157+00
9ed17f4b-8f4c-412a-ae15-f34f1c7c52eb,https://example.com,active,,,,,2025-04-12 00:20:22.276157+00,2025-04-12 00:20:22.276157+00
9f08c136-4104-438e-a88b-6f881029fd96,https://www.shodan.io,active,,,,,2025-04-12 00:20:22.276157+00,2025-04-12 00:20:22.276157+00
9faec3aa-4431-4fbc-8d04-2f09e5d79e93,https://www.computer.org/csdl/magazine/sp,active,,,,,2025-04-12 00:20:22.276157+00,2025-04-12 00:20:22.276157+00
a01ff42c-a609-40df-8137-6989fb3237be,https://daily.dev,active,,,,,2025-04-12 00:20:22.276157+00,2025-04-12 00:20:22.276157+00
a0f51804-65f1-495e-9aa9-11bad69044b3,https://nmap.org,active,,,,,2025-04-12 00:20:22.276157+00,2025-04-12 00:20:22.276157+00
a1092186-a219-4b2b-8fd2-5cd6ac023606,https://www.enigmagroup.org,active,,,,,2025-04-12 00:20:22.276157+00,2025-04-12 00:20:22.276157+00
a13febf7-18be-4dc7-b946-f8cf49320820,https://www.sans.org/cyber-security-courses/advanced-exploit-development-penetration-testers,active,,,,,2025-04-12 00:20:22.276157+00,2025-04-12 00:20:22.276157+00
a1415b03-346c-4c31-bcfa-31c388e0adfd,https://www.youtube.com/c/InfoSecPat,active,,,,,2025-04-12 00:20:22.276157+00,2025-04-12 00:20:22.276157+00
a1925e93-8c80-4a92-9df4-dae2c4d5a941,https://www.zdnet.com/topic/security,active,,,,,2025-04-12 00:20:22.276157+00,2025-04-12 00:20:22.276157+00
a1aa197c-1d90-4726-b6fe-9e882fb59e5d,https://example.com/article4,active,,,,,2025-04-12 00:20:22.276157+00,2025-04-12 00:20:22.276157+00
a1cc8108-1f8d-4ae6-86b4-84193295f91f,https://www.cisa.gov/ics/advisories,active,,,,,2025-04-12 00:20:22.276157+00,2025-04-12 00:20:22.276157+00
a21102a6-57c7-427f-89da-1682bf3d53e3,https://www.autopsy.com/documentation,active,,,,,2025-04-12 00:20:22.276157+00,2025-04-12 00:20:22.276157+00
a23ef1d2-9bea-418f-ba82-4d279f45aaa1,https://www.cyberxindia.com,active,,,,,2025-04-12 00:20:22.276157+00,2025-04-12 00:20:22.276157+00
a2f9740d-c85a-40f9-879a-3184d90c4369,https://virustotal.github.io/yara,active,,,,,2025-04-12 00:20:22.276157+00,2025-04-12 00:20:22.276157+00
a46c8092-cea8-4880-a6bb-cf323ac0e829,https://youtube.com,active,,,,,2025-04-12 00:20:22.276157+00,2025-04-12 00:20:22.276157+00
a49f8be5-aade-4b70-8149-994e2afa5594,https://www.zaproxy.org,active,,,,,2025-04-12 00:20:22.276157+00,2025-04-12 00:20:22.276157+00
a4a7eb6f-db29-46cc-a264-eae59371379f,https://twit.tv/shows/security-now,active,,,,,2025-04-12 00:20:22.276157+00,2025-04-12 00:20:22.276157+00
a4b6ec58-38e8-440a-bb6f-ab3df73c3e35,https://threatintel.substack.com,active,,,,,2025-04-12 00:20:22.276157+00,2025-04-12 00:20:22.276157+00
a4baeedb-d567-4645-a168-bf5703f0df03,https://nvlpubs.nist.gov/nistpubs/SpecialPublications/NIST.SP.800-53r5.pdf,active,,,,,2025-04-12 00:20:22.276157+00,2025-04-12 00:20:22.276157+00
a68fdb43-7315-4aa0-afb6-0c204d9ea31a,https://youtube.com/@HackerSploit,active,,,,,2025-04-12 00:20:22.276157+00,2025-04-12 00:20:22.276157+00
a6a4111e-9397-4aa8-a4ce-c2fb5824f69d,https://learn.microsoft.com/en-us/powershell/scripting/learn/security/overview,active,,,,,2025-04-12 00:20:22.276157+00,2025-04-12 00:20:22.276157+00
a7b71606-c276-4839-8383-61b1540365f3,https://www.hakin9.org/category/free,active,,,,,2025-04-12 00:20:22.276157+00,2025-04-12 00:20:22.276157+00
a7cd65e4-1561-4d4a-9ee9-10a86b43d63e,https://www.cisa.gov/news-events/alerts/2021/05/11/alert-aa21-131a-darkside-ransomware-exploitation-colonial-pipeline,active,,,,,2025-04-12 00:20:22.276157+00,2025-04-12 00:20:22.276157+00
a8786761-0f92-4700-b54b-626f71a67c31,https://www.microsoft.com/en-us/security/security-insider/intelligence-reports/microsoft-digital-defense-report-2024,active,,,,,2025-04-12 00:20:22.276157+00,2025-04-12 00:20:22.276157+00
a89eb9bb-3629-404d-b8da-d2b284d92865,https://www.kernelmode.info/forum,active,,,,,2025-04-12 00:20:22.276157+00,2025-04-12 00:20:22.276157+00
a8f67ba6-14d1-45e9-a118-da86b4c633ed,https://www.coursera.org/professional-certificates/google-cybersecurity,active,,,,,2025-04-12 00:20:22.276157+00,2025-04-12 00:20:22.276157+00
a934da4a-d51e-45c3-bdd4-e17a9d01bc1e,https://www.youtube.com/c/johnhammond010,active,,,,,2025-04-12 00:20:22.276157+00,2025-04-12 00:20:22.276157+00
a9e1707d-dfc5-44bb-9ddf-22f905449590,https://forum.hackthebox.com,active,,,,,2025-04-12 00:20:22.276157+00,2025-04-12 00:20:22.276157+00
aa536112-f92d-4ff3-bf32-083d6f3370b5,https://www.wireshark.org/docs/man-pages/tshark.html,active,,,,,2025-04-12 00:20:22.276157+00,2025-04-12 00:20:22.276157+00
aaaff6ad-8cd5-470a-a6d4-72fe691a5e3b,https://hackthissite.org,active,,,,,2025-04-12 00:20:22.276157+00,2025-04-12 00:20:22.276157+00
aacd60f1-caa5-4fec-b17a-228181da8d97,https://explore.skillbuilder.aws/learn/public/learning_plan/view/81/security-learning-plan,active,,,,,2025-04-12 00:20:22.276157+00,2025-04-12 00:20:22.276157+00
abd00086-41d8-43c8-87c6-fc465f1ad7b3,https://cyberseceurope.com,active,,,,,2025-04-12 00:20:22.276157+00,2025-04-12 00:20:22.276157+00
abd9f5aa-1b42-44b6-b8ec-9b0e3cdf7a9d,https://cyberq.eccouncil.org,active,,,,,2025-04-12 00:20:22.276157+00,2025-04-12 00:20:22.276157+00
ac26e4e5-c11c-4c1f-9995-14a27659c90c,https://www.amazon.com/Windows-Internals-Part-architecture-management/dp/0735684189,active,,,,,2025-04-12 00:20:22.276157+00,2025-04-12 00:20:22.276157+00
ac515d8c-d1bb-4fa0-bbbc-762d2b2d6cde,https://securityblue.team,active,,,,,2025-04-12 00:20:22.276157+00,2025-04-12 00:20:22.276157+00
ad03d1a3-ec98-438f-b9e2-0c27bd9a9218,https://www.sigsac.org/ccs/CCS2023,active,,,,,2025-04-12 00:20:22.276157+00,2025-04-12 00:20:22.276157+00
ad875099-20b5-4ea3-bd3e-b3a414d7f620,https://rdp.sh,active,,,,,2025-04-12 00:20:22.276157+00,2025-04-12 00:20:22.276157+00
ad9296dc-f9dd-463b-858d-ebf58beb9a63,http://www.phrack.org,active,,,,,2025-04-12 00:20:22.276157+00,2025-04-12 00:20:22.276157+00
aed2985f-54ef-4198-8903-8c2a5f10ea3a,https://www.cisecurity.org/controls/cis-controls-list,active,,,,,2025-04-12 00:20:22.276157+00,2025-04-12 00:20:22.276157+00
b0cee5d1-8920-40aa-9eef-d5fe18348eb5,https://www.coursera.org/specializations/cyber-security,active,,,,,2025-04-12 00:20:22.276157+00,2025-04-12 00:20:22.276157+00
b179c70a-6534-4bba-aee0-11c14a3f2c36,https://www.marriott.com/about/starwood-information.mi,active,,,,,2025-04-12 00:20:22.276157+00,2025-04-12 00:20:22.276157+00
b1b1c049-36eb-41fa-b525-860eab215068,https://www.cisa.gov/resources-tools/resources,active,,,,,2025-04-12 00:20:22.276157+00,2025-04-12 00:20:22.276157+00
b218ed3a-feac-4680-8f22-8f34423a530e,https://www.amazon.com/Web-Application-Hackers-Handbook-Exploiting/dp/1118026470,active,,,,,2025-04-12 00:20:22.276157+00,2025-04-12 00:20:22.276157+00
b25b9d40-64c8-42df-b71d-2cc4c74d67e1,https://www.skool.com/cyber-career-mastery,active,,,,,2025-04-12 00:20:22.276157+00,2025-04-12 00:20:22.276157+00
b2ed70f9-42e5-43c9-ad7f-4437e06caad4,http://www.securitytube.net,active,,,,,2025-04-12 00:20:22.276157+00,2025-04-12 00:20:22.276157+00
b3802dfc-3b4a-46c3-83b3-1594b0fdc107,https://www.proofpoint.com/us/resources/threat-hub,active,,,,,2025-04-12 00:20:22.276157+00,2025-04-12 00:20:22.276157+00
b4451ce5-6797-4322-893c-46205130406f,https://www.fireeye.com/blog/threat-research/2020/12/evasive-attacker-leverages-solarwinds-supply-chain-compromise.html,active,,,,,2025-04-12 00:20:22.276157+00,2025-04-12 00:20:22.276157+00
b46903ec-94a5-4ee1-a7e2-df3bc05e4621,https://tryhackme.com,active,,,,,2025-04-12 00:20:22.276157+00,2025-04-12 00:20:22.276157+00
b53b36c8-c012-49a7-83fe-22bb2fff4f04,https://book.hacktricks.wiki/en/index.html,active,,,,,2025-04-12 00:20:22.276157+00,2025-04-12 00:20:22.276157+00
b545ff0f-329d-4ea7-a5e5-1cb7a5f5d0e0,https://www.cisa.gov/news-events/news,active,,,,,2025-04-12 00:20:22.276157+00,2025-04-12 00:20:22.276157+00
b572b967-91eb-4284-bb56-cf9d11838b69,https://portswigger.net/burp/pro,active,,,,,2025-04-12 00:20:22.276157+00,2025-04-12 00:20:22.276157+00
b5cf31e8-cb85-40f0-bda2-5650dce3a705,https://arstechnica.com/information-technology,active,,,,,2025-04-12 00:20:22.276157+00,2025-04-12 00:20:22.276157+00
b606d825-c27e-403e-820e-93515cdbd9e0,https://research.unsw.edu.au/projects/unsw-nb15-dataset,active,,,,,2025-04-12 00:20:22.276157+00,2025-04-12 00:20:22.276157+00
b6474994-b67b-4b92-af39-e4584af94b6a,https://www.ansible.com/use-cases/security-automation,active,,,,,2025-04-12 00:20:22.276157+00,2025-04-12 00:20:22.276157+00
b6e8d6af-d397-43de-98b7-b92205d69afc,https://www.infosecinstitute.com,active,,,,,2025-04-12 00:20:22.276157+00,2025-04-12 00:20:22.276157+00
b74a639c-40ea-463e-aceb-1b7815f2c3df,https://tryhackme.com/room/networkingfundamentals,active,,,,,2025-04-12 00:20:22.276157+00,2025-04-12 00:20:22.276157+00
b7dd2adf-21c5-4147-967d-b653b30feeb2,https://www.youtube.com/c/HackerSploit,active,,,,,2025-04-12 00:20:22.276157+00,2025-04-12 00:20:22.276157+00
b82fd75d-68de-4bee-8fb3-527721468800,https://www.malware-traffic-analysis.net,active,,,,,2025-04-12 00:20:22.276157+00,2025-04-12 00:20:22.276157+00
b83addef-4fae-43f7-9058-90383103c52e,https://research.checkpoint.com,active,,,,,2025-04-12 00:20:22.276157+00,2025-04-12 00:20:22.276157+00
b8c6771a-b231-456e-a32d-5f9f25233148,https://www.fireeye.com/blog.html,active,,,,,2025-04-12 00:20:22.276157+00,2025-04-12 00:20:22.276157+00
b9330ba7-0748-4b03-8591-f76445758872,https://www.f-secure.com/en/business/resources/podcasts/cyber-security-sauna,active,,,,,2025-04-12 00:20:22.276157+00,2025-04-12 00:20:22.276157+00
b9982106-12dc-4543-8ee2-e751746f7b2e,https://www.rapidtables.com/web/net/port-number.html,active,,,,,2025-04-12 00:20:22.276157+00,2025-04-12 00:20:22.276157+00
b9abe0fd-5219-4b8a-a199-6b117b170fbd,https://www.securityfocus.com,active,,,,,2025-04-12 00:20:22.276157+00,2025-04-12 00:20:22.276157+00
ba5f46e2-7e98-4ce4-8ccf-45f776f1db7f,https://www.edx.org/learn/cybersecurity,active,,,,,2025-04-12 00:20:22.276157+00,2025-04-12 00:20:22.276157+00
ba69fc21-9894-4fc3-b905-5f94b1b61ea1,https://portswigger.net/web-security/sql-injection/cheat-sheet,active,,,,,2025-04-12 00:20:22.276157+00,2025-04-12 00:20:22.276157+00
bc14c099-8ece-4fef-b223-ad45eb655dd3,https://portswigger.net/web-security/sql-injection,active,,,,,2025-04-12 00:20:22.276157+00,2025-04-12 00:20:22.276157+00
bc45f461-a5ec-498f-99f9-95110eb629a3,https://www.hackthis.co.uk,active,,,,,2025-04-12 00:20:22.276157+00,2025-04-12 00:20:22.276157+00
bc4b16bf-233d-453d-8164-e5aa0adacb5d,https://x64dbg.com,active,,,,,2025-04-12 00:20:22.276157+00,2025-04-12 00:20:22.276157+00
bc76ac4a-8885-42e3-aa7a-041dbe582e3a,http://www.w3.org/2000/svg,active,,,,,2025-04-12 00:20:22.276157+00,2025-04-12 00:20:22.276157+00
bd79cd08-f0e7-46e9-8283-fd4f02a2c26f,https://ghidra.re,active,,,,,2025-04-12 00:20:22.276157+00,2025-04-12 00:20:22.276157+00
bd92e0cd-64a4-4acc-b697-1eff5081bd71,https://reddit.com/r/HowToHack,active,,,,,2025-04-12 00:20:22.276157+00,2025-04-12 00:20:22.276157+00
bd9e1de1-e670-4aba-b28c-4cc7b1f82fa2,https://www.cyberwarfare.live,active,,,,,2025-04-12 00:20:22.276157+00,2025-04-12 00:20:22.276157+00
bea3a471-cf6b-435f-a31f-2aeef1923067,https://owasp.org/www-community/Threat_Modeling,active,,,,,2025-04-12 00:20:22.276157+00,2025-04-12 00:20:22.276157+00
bf475f00-3062-477d-8e23-7ff8cbb02241,https://www.bloomberg.com/news/features/2021-06-04/colonial-pipeline-hack-the-untold-story-of-the-attack,active,,,,,2025-04-12 00:20:22.276157+00,2025-04-12 00:20:22.276157+00
bf9e4097-96db-4df2-8aa9-866a5a31f443,https://securityweekly.com,active,,,,,2025-04-12 00:20:22.276157+00,2025-04-12 00:20:22.276157+00
bfb18fc4-0273-4588-a229-29770800362b,https://www.linuxfoundation.org/blog/blog/classic-sysadmin-linux-commands-cheat-sheet,active,,,,,2025-04-12 00:20:22.276157+00,2025-04-12 00:20:22.276157+00
c1d3bd73-9c27-4fa2-9b73-bce4f2cd6133,https://owasp.org/www-project-cloud-security,active,,,,,2025-04-12 00:20:22.276157+00,2025-04-12 00:20:22.276157+00
c25325fe-0d9b-4393-8632-1ce4d77f78da,https://www.cybernexacademy.com/cybernex-og.png,active,,,,,2025-04-12 00:20:22.276157+00,2025-04-12 00:20:22.276157+00
c2d506ef-36c2-4fc3-85ec-9fe1fb7cb018,https://cybertechconference.com,active,,,,,2025-04-12 00:20:22.276157+00,2025-04-12 00:20:22.276157+00
c48a44e1-2fab-4868-a620-25146c544356,https://owasp.org/slack/invite,active,,,,,2025-04-12 00:20:22.276157+00,2025-04-12 00:20:22.276157+00
c4c71ad2-bb48-4e95-a517-1872ade8a1fd,https://assets.tryhackme.com/img/redteam/cheatsheet.pdf,active,,,,,2025-04-12 00:20:22.276157+00,2025-04-12 00:20:22.276157+00
c54b6430-3517-459c-8cd8-7ebd5e19ec4e,https://www.wiley.com/en-us/The+Art+of+Deception%3A+Controlling+the+Human+Element+of+Security-p-9780764542800,active,,,,,2025-04-12 00:20:22.276157+00,2025-04-12 00:20:22.276157+00
c5a3a4dd-cb5b-4ce0-8bff-9c16111f77d2,https://www.mkdynamics.net/Sections/Cybersecurity/Basic_Linux_Exploits/basic_linux_exploits.html,active,,,,,2025-04-12 00:20:22.276157+00,2025-04-12 00:20:22.276157+00
c5b374b5-5e1a-472c-b891-3bbda257f637,https://www.skool.com/osint-techniques,active,,,,,2025-04-12 00:20:22.276157+00,2025-04-12 00:20:22.276157+00
c5c65e08-e7e0-4f95-98ae-24e6294007bb,https://portswigger.net/web-security,active,,,,,2025-04-12 00:20:22.276157+00,2025-04-12 00:20:22.276157+00
c5f73368-25c1-4261-b7be-22f3c0e5f4dd,https://www.digitalshadows.com/blog-and-research,active,,,,,2025-04-12 00:20:22.276157+00,2025-04-12 00:20:22.276157+00
c609e86a-6b3f-4355-972e-2f493e883a7a,https://thehackernews.com,active,,,,,2025-04-12 00:20:22.276157+00,2025-04-12 00:20:22.276157+00
c617c036-3ecc-4bf7-a7ba-3edf1e8b8ac0,https://www.infosecurity-magazine.com,active,,,,,2025-04-12 00:20:22.276157+00,2025-04-12 00:20:22.276157+00
c64613cc-d8f7-437a-924b-9264a8416ffd,https://www.netsparker.com,active,,,,,2025-04-12 00:20:22.276157+00,2025-04-12 00:20:22.276157+00
c67f6dfe-4f74-46f9-a648-dfa7d922cd2d,https://www.isc2.org,active,,,,,2025-04-12 00:20:22.276157+00,2025-04-12 00:20:22.276157+00
c68a9061-1fcc-4c6f-8c7a-947b708ca265,https://linuxjourney.com,active,,,,,2025-04-12 00:20:22.276157+00,2025-04-12 00:20:22.276157+00
c6971ce1-29e2-445d-a132-595957e552f2,https://denizhalil.com/2025/01/24/30-cybersecurity-projects-with-python,active,,,,,2025-04-12 00:20:22.276157+00,2025-04-12 00:20:22.276157+00
c6a456b1-5c7d-4b3a-93dd-5579dc85da75,https://example.com/logo.png,active,,,,,2025-04-12 00:20:22.276157+00,2025-04-12 00:20:22.276157+00
c84eac9d-26a2-464f-b087-dbd8bbe0e5f5,https://portswigger.net/daily-swig,active,,,,,2025-04-12 00:20:22.276157+00,2025-04-12 00:20:22.276157+00
c8c49ead-a204-4e90-b6a6-c1a41a82b160,https://www.pcisecuritystandards.org/document_library,active,,,,,2025-04-12 00:20:22.276157+00,2025-04-12 00:20:22.276157+00
c9636142-444b-4ef7-bdd6-25104c633abf,https://www.codecademy.com/learn/introduction-to-cybersecurity,active,,,,,2025-04-12 00:20:22.276157+00,2025-04-12 00:20:22.276157+00
c97329f7-f4fb-4f06-8dc6-5ab67556fb81,https://www.youtube.com/c/NullByteWHT,active,,,,,2025-04-12 00:20:22.276157+00,2025-04-12 00:20:22.276157+00
ca123602-153a-4eec-9a8b-c073fa02ae68,https://www.isc2.org/Certifications/CISSP,active,,,,,2025-04-12 00:20:22.276157+00,2025-04-12 00:20:22.276157+00
ca8e351c-37c9-48c3-a701-bfc1109ff04a,https://www.autopsy.com,active,,,,,2025-04-12 00:20:22.276157+00,2025-04-12 00:20:22.276157+00
cb139020-9d23-4e8a-b258-c23e2dde620a,https://book.hacktricks.xyz,active,,,,,2025-04-12 00:20:22.276157+00,2025-04-12 00:20:22.276157+00
cb212bd6-d8b9-4d71-b253-7ac620b3a42b,https://www.comptia.org/certifications/security,active,,,,,2025-04-12 00:20:22.276157+00,2025-04-12 00:20:22.276157+00
cb216234-0b2a-4291-a79d-b49bc1f5d552,https://substack.com,active,,,,,2025-04-12 00:20:22.276157+00,2025-04-12 00:20:22.276157+00
cc39d72c-a325-470f-b909-3392101f5b85,https://appsecday.io,active,,,,,2025-04-12 00:20:22.276157+00,2025-04-12 00:20:22.276157+00
ce4c49e9-45af-42ad-a046-9d7bc833e0ad,https://www.youtube.com/c/ippsec,active,,,,,2025-04-12 00:20:22.276157+00,2025-04-12 00:20:22.276157+00
cecb26de-ae1c-4522-9b26-fc07f49fcd18,https://owasp.org/chapters,active,,,,,2025-04-12 00:20:22.276157+00,2025-04-12 00:20:22.276157+00
d04d0d35-cc65-46e4-be21-9259efe54c32,https://www.wilderssecurity.com,active,,,,,2025-04-12 00:20:22.276157+00,2025-04-12 00:20:22.276157+00
d08cad84-8ade-43b3-a8c8-cda7866b66eb,https://krebsonsecurity.com/2014/02/target-hackers-broke-in-via-hvac-company,active,,,,,2025-04-12 00:20:22.276157+00,2025-04-12 00:20:22.276157+00
d1a1856e-75bb-44e3-91a7-2e6b4d405d3a,https://app.hackthebox.com/challenges/Web,active,,,,,2025-04-12 00:20:22.276157+00,2025-04-12 00:20:22.276157+00
d1a53eac-1c86-420d-a022-03b53f4fca17,https://www.govinfosecurity.com,active,,,,,2025-04-12 00:20:22.276157+00,2025-04-12 00:20:22.276157+00
d26e1d03-8e75-4ffa-9dcc-d956a7fdf5d2,https://www.dfrws.org/conferences/challenges,active,,,,,2025-04-12 00:20:22.276157+00,2025-04-12 00:20:22.276157+00
d27a030e-f10e-433e-8b58-4ded3e6565aa,https://osquery.io,active,,,,,2025-04-12 00:20:22.276157+00,2025-04-12 00:20:22.276157+00
d3596f19-0c64-4345-8424-a9ec6491f053,https://www.youtube.com/playlist,active,,,,,2025-04-12 00:20:22.276157+00,2025-04-12 00:20:22.276157+00
d3e03b0d-6b4a-4c85-adba-e3ff34064cf7,https://cybernexacademy.substack.com,active,,,,,2025-04-12 00:20:22.276157+00,2025-04-12 00:20:22.276157+00
d4153388-44e5-4c1e-b2f5-b6fef84c9323,https://www.sans.org/posters/threat-hunting,active,,,,,2025-04-12 00:20:22.276157+00,2025-04-12 00:20:22.276157+00
d481e39a-221c-4dc3-b58f-ebcab1dd303d,https://www.skool.com/zero-trust,active,,,,,2025-04-12 00:20:22.276157+00,2025-04-12 00:20:22.276157+00
d4a0eee3-7c51-4aea-844b-0f9795d0932e,https://youtube.com/@_JohnHammond,active,,,,,2025-04-12 00:20:22.276157+00,2025-04-12 00:20:22.276157+00
d63b9393-949c-4f64-8493-3af7b65ce402,https://t.me/ctfplayers,active,,,,,2025-04-12 00:20:22.276157+00,2025-04-12 00:20:22.276157+00
d652be22-7333-426d-8f9d-3f799dd2c30c,https://www.autopsy.com/support/training,active,,,,,2025-04-12 00:20:22.276157+00,2025-04-12 00:20:22.276157+00
d6fdb737-2941-4fd5-aa5c-976b24fb32a2,https://www.cyberscoop.com,active,,,,,2025-04-12 00:20:22.276157+00,2025-04-12 00:20:22.276157+00
d7a0d87e-38a5-420a-9480-1588cdbed329,https://www.sans.org/posters/ics-poster,active,,,,,2025-04-12 00:20:22.276157+00,2025-04-12 00:20:22.276157+00
d850aaab-ac73-4ee7-a3d0-7f45019e59db,https://frida.re,active,,,,,2025-04-12 00:20:22.276157+00,2025-04-12 00:20:22.276157+00
d860ed81-3331-42c7-8d08-1a0bdbcb6186,https://www.bugbountyhunting.com,active,,,,,2025-04-12 00:20:22.276157+00,2025-04-12 00:20:22.276157+00
d9232877-c039-46f5-b9d1-d6addd151864,https://gchq.github.io/CyberChef,active,,,,,2025-04-12 00:20:22.276157+00,2025-04-12 00:20:22.276157+00
d9e74ba9-da6f-48f8-84d2-992fffc3cd55,https://www.misp-project.org/documentation,active,,,,,2025-04-12 00:20:22.276157+00,2025-04-12 00:20:22.276157+00
da524702-00fc-4ed9-869a-31eb316ec038,https://www.immunityinc.com/products/debugger,active,,,,,2025-04-12 00:20:22.276157+00,2025-04-12 00:20:22.276157+00
daeebb48-6bd1-4087-a21c-33d4d1dfdc25,https://www.root-me.org,active,,,,,2025-04-12 00:20:22.276157+00,2025-04-12 00:20:22.276157+00
db2d039c-46e3-46ca-9125-f3b06eff0b20,https://docs.tenable.com/nessus,active,,,,,2025-04-12 00:20:22.276157+00,2025-04-12 00:20:22.276157+00
db36df2c-7793-4e34-b5de-cc9d77bc5b4d,https://csrc.nist.gov/Projects/post-quantum-cryptography,active,,,,,2025-04-12 00:20:22.276157+00,2025-04-12 00:20:22.276157+00
db8ca43d-cb39-430f-8c37-01975d7b9474,https://www.nist.gov/cyberframework,active,,,,,2025-04-12 00:20:22.276157+00,2025-04-12 00:20:22.276157+00
db907a3c-60ec-49d1-bab7-48c6dc0b275e,https://academy.hackthebox.com,active,,,,,2025-04-12 00:20:22.276157+00,2025-04-12 00:20:22.276157+00
dbabb3da-1b8c-4d4d-a92a-0ec5b96b0681,https://www.cisa.gov/solarwinds,active,,,,,2025-04-12 00:20:22.276157+00,2025-04-12 00:20:22.276157+00
dbe0c922-0d63-492c-9a9f-fb6ae5d4779e,https://www.paloaltonetworks.com/unit42/cloud-threat-reports,active,,,,,2025-04-12 00:20:22.276157+00,2025-04-12 00:20:22.276157+00
dc48b233-37e9-4458-906a-540d849d4e4e,https://www.netacad.com,active,,,,,2025-04-12 00:20:22.276157+00,2025-04-12 00:20:22.276157+00
dfd812ff-2c09-4875-b112-8e134bc3b43c,https://www.vulnhub.com,active,,,,,2025-04-12 00:20:22.276157+00,2025-04-12 00:20:22.276157+00
dffe9f3c-c5d7-4847-9981-b3f3f01d4961,https://www.edx.org/micromasters/ritx-cybersecurity,active,,,,,2025-04-12 00:20:22.276157+00,2025-04-12 00:20:22.276157+00
e0ca568e-b372-42f3-9250-1ff05e1774da,https://www.zerodayinitiative.com,active,,,,,2025-04-12 00:20:22.276157+00,2025-04-12 00:20:22.276157+00
e0f6e88d-ef68-4a60-9f86-99f985e26a69,https://www.youtube.com/@InsiderPhD,active,,,,,2025-04-12 00:20:22.276157+00,2025-04-12 00:20:22.276157+00
e10e73ed-62e8-417b-ac4b-36a72e8f3afb,https://www.abatchy.com/2017/04/windows-privilege-escalation-methods.html,active,,,,,2025-04-12 00:20:22.276157+00,2025-04-12 00:20:22.276157+00
e134d196-bc7b-4e29-a9ca-0a13431158f6,https://www.exploit-db.com,active,,,,,2025-04-12 00:20:22.276157+00,2025-04-12 00:20:22.276157+00
e15ebee1-a2a8-4618-96d3-83e90712a0eb,https://www.youtube.com/@cybersecuritymeg,active,,,,,2025-04-12 00:20:22.276157+00,2025-04-12 00:20:22.276157+00
e18d3174-0cb0-4237-99f6-dccd856e7317,https://www.ftc.gov/enforcement/cases-proceedings/172-3203/equifax-inc,active,,,,,2025-04-12 00:20:22.276157+00,2025-04-12 00:20:22.276157+00
e19a9249-4354-450e-8e54-f275e2441c41,https://overflow.today/pdfs/bof-checklist.pdf,active,,,,,2025-04-12 00:20:22.276157+00,2025-04-12 00:20:22.276157+00
e2398e4b-5322-4121-a2d4-1eeb2228bc19,https://arxiv.org/list/cs.CR/recent,active,,,,,2025-04-12 00:20:22.276157+00,2025-04-12 00:20:22.276157+00
e2563588-e928-41cd-a1c7-99c4eb771684,https://docs.sonarqube.org,active,,,,,2025-04-12 00:20:22.276157+00,2025-04-12 00:20:22.276157+00
e28787c6-d398-4c33-9e64-443ce3da0fb4,https://www.nist.gov/itl/ai-risk-management-framework,active,,,,,2025-04-12 00:20:22.276157+00,2025-04-12 00:20:22.276157+00
e328f360-d6aa-45f7-b5bf-3dfe74a97676,https://troopers.de,active,,,,,2025-04-12 00:20:22.276157+00,2025-04-12 00:20:22.276157+00
e3337aa0-d12b-4ce1-9aeb-1d65f4807642,https://www.iso.org/isoiec-27001-information-security.html,active,,,,,2025-04-12 00:20:22.276157+00,2025-04-12 00:20:22.276157+00
e3403c11-465a-43fe-878e-08c9cd99c048,https://www.skool.com/cyber-interview,active,,,,,2025-04-12 00:20:22.276157+00,2025-04-12 00:20:22.276157+00
e38b9101-9911-481f-8652-d23ccea978d6,https://start.me/p/DPYpmz/osint,active,,,,,2025-04-12 00:20:22.276157+00,2025-04-12 00:20:22.276157+00
e3c9c36c-b65f-422f-810f-ca1b9dc0e3fd,https://attack.mitre.org/groups,active,,,,,2025-04-12 00:20:22.276157+00,2025-04-12 00:20:22.276157+00
e3edfa0e-f738-4dc1-a6cc-d9452eff27bf,https://www.ftc.gov/enforcement/cases-proceedings/refunds/equifax-data-breach-settlement,active,,,,,2025-04-12 00:20:22.276157+00,2025-04-12 00:20:22.276157+00
e4327ef0-7f87-4a95-be5b-10f355a326b1,https://www.schneier.com/books/applied-cryptography,active,,,,,2025-04-12 00:20:22.276157+00,2025-04-12 00:20:22.276157+00
e441715a-4c06-4159-afea-a8c9be689e91,https://shmoocon.org,active,,,,,2025-04-12 00:20:22.276157+00,2025-04-12 00:20:22.276157+00
e4766d57-1dce-4166-b423-723522f90b42,https://www.cisa.gov,active,,,,,2025-04-12 00:20:22.276157+00,2025-04-12 00:20:22.276157+00
e5272e9f-ea1f-4943-8478-63ebd78509b9,https://www.youtube.com/c/DarkModeYT,active,,,,,2025-04-12 00:20:22.276157+00,2025-04-12 00:20:22.276157+00
e59ae90b-ca06-4fc9-b202-e051c1d707a1,https://www.offensive-security.com/awe-osee,active,,,,,2025-04-12 00:20:22.276157+00,2025-04-12 00:20:22.276157+00
e6315b80-5859-4352-810c-08722bcb3b53,https://learn.microsoft.com/certifications/azure-security-engineer,active,,,,,2025-04-12 00:20:22.276157+00,2025-04-12 00:20:22.276157+00
e66684d6-dac0-46a3-9d02-2f5d79002522,https://reddit.com/r/netsec,active,,,,,2025-04-12 00:20:22.276157+00,2025-04-12 00:20:22.276157+00
e6ac3da1-7973-4ee8-8ac1-4ef8dcf914f7,https://tryhackme.com/path/outline/network-fundamentals,active,,,,,2025-04-12 00:20:22.276157+00,2025-04-12 00:20:22.276157+00
e6de20c5-58b8-4d5d-ae73-ba56932e5c64,https://portswigger.net/burp/documentation,active,,,,,2025-04-12 00:20:22.276157+00,2025-04-12 00:20:22.276157+00
e6e2b535-b53c-4d24-b730-d069723efc44,https://developer.shodan.io,active,,,,,2025-04-12 00:20:22.276157+00,2025-04-12 00:20:22.276157+00
e6e7a310-871e-4200-b642-013dd8f79c31,https://cutter.re,active,,,,,2025-04-12 00:20:22.276157+00,2025-04-12 00:20:22.276157+00
e75ee6e8-334b-418d-ae62-b38c53e02756,https://www.sans.org/sec504,active,,,,,2025-04-12 00:20:22.276157+00,2025-04-12 00:20:22.276157+00
e7f6ff60-1497-4627-b5f4-e8e9f4849917,https://krebsonsecurity.com,active,,,,,2025-04-12 00:20:22.276157+00,2025-04-12 00:20:22.276157+00
e8f7e8ea-f75b-4aff-b64b-21b3c96f8aff,https://docs.splunk.com,active,,,,,2025-04-12 00:20:22.276157+00,2025-04-12 00:20:22.276157+00
e914d302-a670-4de0-99f8-ea2336c0dc73,https://example.com/article1,active,,,,,2025-04-12 00:20:22.276157+00,2025-04-12 00:20:22.276157+00
e943d20b-c51c-4db6-a3de-1efd694ed074,https://www.immersivelabs.com,active,,,,,2025-04-12 00:20:22.276157+00,2025-04-12 00:20:22.276157+00
e9475e60-1901-4644-ae16-c6e72d09ac27,https://www.sans.org/posters,active,,,,,2025-04-12 00:20:22.276157+00,2025-04-12 00:20:22.276157+00
e968ec3a-0dff-4c20-bf43-f9354b15d551,https://csrc.nist.gov/publications/detail/sp/800-53/rev-5/final,active,,,,,2025-04-12 00:20:22.276157+00,2025-04-12 00:20:22.276157+00
e9722841-23b8-4deb-b734-2951793d7872,https://unit42.paloaltonetworks.com,active,,,,,2025-04-12 00:20:22.276157+00,2025-04-12 00:20:22.276157+00
e98a78e4-0ca2-4ca3-96f8-57dc5fc80cfc,https://pwning.owasp-juice.shop/part1/introduction.html,active,,,,,2025-04-12 00:20:22.276157+00,2025-04-12 00:20:22.276157+00
e99fabfe-1ca1-4149-a907-e9e7dce6e1c4,https://www.hhs.gov/hc3/index.html,active,,,,,2025-04-12 00:20:22.276157+00,2025-04-12 00:20:22.276157+00
ea01917f-fd4f-43ad-b966-c6f2a6ee715a,https://futureconevents.com,active,,,,,2025-04-12 00:20:22.276157+00,2025-04-12 00:20:22.276157+00
ea4eda6f-30ea-4d29-b0ce-a1136bb93543,https://learn.microsoft.com/en-us/windows/security,active,,,,,2025-04-12 00:20:22.276157+00,2025-04-12 00:20:22.276157+00
ea97a871-155d-4a68-b100-2304b91749f7,https://ghidra-sre.org,active,,,,,2025-04-12 00:20:22.276157+00,2025-04-12 00:20:22.276157+00
eb9c18a3-f19c-4787-b9ae-eefdd5918f15,https://hackaday.io/projects/tag/cybersecurity,active,,,,,2025-04-12 00:20:22.276157+00,2025-04-12 00:20:22.276157+00
ebfd124a-b50b-4bbd-82a3-cc2ccce83de3,https://adsecurity.org,active,,,,,2025-04-12 00:20:22.276157+00,2025-04-12 00:20:22.276157+00
ec389936-a41a-4695-b62f-655549107f73,https://www.csoonline.com,active,,,,,2025-04-12 00:20:22.276157+00,2025-04-12 00:20:22.276157+00
ecf2f0c4-97c8-40d0-b726-369f19ac8dd8,https://academy.tcm-sec.com,active,,,,,2025-04-12 00:20:22.276157+00,2025-04-12 00:20:22.276157+00
ed4709f9-d220-44a3-89cb-89848b7c051b,https://www.sleuthkit.org,active,,,,,2025-04-12 00:20:22.276157+00,2025-04-12 00:20:22.276157+00
ed53c206-2f45-4b36-8a5b-e5b3e62c599d,https://elearnsecurity.com/product/ewptx-certification,active,,,,,2025-04-12 00:20:22.276157+00,2025-04-12 00:20:22.276157+00
ed6b3661-a365-413e-bb8e-56a7e4cad65d,https://youtube.com/@davidbombal,active,,,,,2025-04-12 00:20:22.276157+00,2025-04-12 00:20:22.276157+00
ed9436b6-9578-48d7-840a-7111e4f0a9ba,https://www.giac.org/certification/security-essentials-gsec,active,,,,,2025-04-12 00:20:22.276157+00,2025-04-12 00:20:22.276157+00
ee892528-6ed2-438a-b943-f4c0ab718488,https://www.skool.com/dfir-hub,active,,,,,2025-04-12 00:20:22.276157+00,2025-04-12 00:20:22.276157+00
ef8c123e-842c-458d-9c30-3230a0f45e36,https://privacy.substack.com,active,,,,,2025-04-12 00:20:22.276157+00,2025-04-12 00:20:22.276157+00
efca173b-f332-4a36-83cd-a56f4b5015e8,https://owasp.org/www-project-juice-shop,active,,,,,2025-04-12 00:20:22.276157+00,2025-04-12 00:20:22.276157+00
f015a47a-3173-40e7-970f-a2e77a3717b2,https://www.youtube.com/user/Hak5Darren,active,,,,,2025-04-12 00:20:22.276157+00,2025-04-12 00:20:22.276157+00
f0489935-0bed-4a50-bd7e-50a92a36fb81,https://tryhackme.com/path/outline/redteam,active,,,,,2025-04-12 00:20:22.276157+00,2025-04-12 00:20:22.276157+00
f05e71fb-b5ce-47f4-8b72-8c9bd09888f0,https://community.splunk.com,active,,,,,2025-04-12 00:20:22.276157+00,2025-04-12 00:20:22.276157+00
f1524a76-cc66-4e6b-85d9-bcb7f0665b89,https://www.greenbone.net/en/community-edition,active,,,,,2025-04-12 00:20:22.276157+00,2025-04-12 00:20:22.276157+00
f15e2e84-7d96-4b18-8d79-faa00e084b78,https://www.offensive-security.com/metasploit-unleashed,active,,,,,2025-04-12 00:20:22.276157+00,2025-04-12 00:20:22.276157+00
f255a2a2-04f8-48a0-bbbf-c7c1723e4082,https://www.skool.com/advanced-pentesting,active,,,,,2025-04-12 00:20:22.276157+00,2025-04-12 00:20:22.276157+00
f2816c46-a481-48d7-8eac-9fad23b19c2f,https://csrc.nist.gov/glossary,active,,,,,2025-04-12 00:20:22.276157+00,2025-04-12 00:20:22.276157+00
f367b44a-a271-4525-8895-a2a5b843eabc,https://via.placeholder.com/150,active,,,,,2025-04-12 00:20:22.276157+00,2025-04-12 00:20:22.276157+00
f38143c8-7cf8-4b23-a229-e6bf4767c665,https://thehackernews.com/2024/04/critical-adobe-acrobat-zero-day-under.html,active,,,,,2025-04-12 00:20:22.276157+00,2025-04-12 00:20:22.276157+00
f3f4575c-04f9-480e-8928-9600f3a3bbb5,https://www.secrepo.com,active,,,,,2025-04-12 00:20:22.276157+00,2025-04-12 00:20:22.276157+00
f491b761-3e66-4745-82ac-913cdf123d82,https://www.cve.org,active,,,,,2025-04-12 00:20:22.276157+00,2025-04-12 00:20:22.276157+00
f4b35acc-6425-4b66-98b5-47b6de573505,https://edition.cnn.com/business/tech,active,,,,,2025-04-12 00:20:22.276157+00,2025-04-12 00:20:22.276157+00
f572d208-7944-45a5-a2fc-7a874a6b59d6,https://play.picoctf.org/practice,active,,,,,2025-04-12 00:20:22.276157+00,2025-04-12 00:20:22.276157+00
f5c1d9f7-473b-419a-8df5-166126e25663,https://www.comptia.org/blog/the-cia-triad,active,,,,,2025-04-12 00:20:22.276157+00,2025-04-12 00:20:22.276157+00
f613eb64-cf3d-4fed-bb15-a533127ac3ec,https://nvlpubs.nist.gov/nistpubs/SpecialPublications/NIST.SP.800-171r2.pdf,active,,,,,2025-04-12 00:20:22.276157+00,2025-04-12 00:20:22.276157+00
f67b7e4f-a53e-4288-8c38-bff9f4487c14,https://www.hackthebox.eu,active,,,,,2025-04-12 00:20:22.276157+00,2025-04-12 00:20:22.276157+00
f7352a72-2671-44aa-b0d3-7749c73a32fd,https://www.lockheedmartin.com/en-us/capabilities/cyber/cyber-kill-chain.html,active,,,,,2025-04-12 00:20:22.276157+00,2025-04-12 00:20:22.276157+00
f770e800-3d22-4445-bee2-aedfb7aaf15f,https://infosec.mozilla.org,active,,,,,2025-04-12 00:20:22.276157+00,2025-04-12 00:20:22.276157+00
f772a526-a818-41ae-b8f9-90bb924e92ae,https://www.sans.org/sec760,active,,,,,2025-04-12 00:20:22.276157+00,2025-04-12 00:20:22.276157+00
f7a69e4c-a058-4b84-a338-21ffe33e5d37,https://hex-rays.com/ida-pro,active,,,,,2025-04-12 00:20:22.276157+00,2025-04-12 00:20:22.276157+00
f8088e47-4fdb-4372-a430-2828cbf17bf5,https://rada.re/n/radare2.html,active,,,,,2025-04-12 00:20:22.276157+00,2025-04-12 00:20:22.276157+00
f867c41c-276b-4e39-8a27-621c1b814977,https://example.com/article5,active,,,,,2025-04-12 00:20:22.276157+00,2025-04-12 00:20:22.276157+00
f8d906ca-cdde-4690-b23c-80b7e0c7c7d3,https://www.reddit.com/r/AskNetsec,active,,,,,2025-04-12 00:20:22.276157+00,2025-04-12 00:20:22.276157+00
f9372038-ca18-44e5-9e84-ac6860f7bb91,https://www.hacksplaining.com,active,,,,,2025-04-12 00:20:22.276157+00,2025-04-12 00:20:22.276157+00
f97d3fbd-8fa0-4d87-8c72-f8732bf17675,https://tls.ulfheim.net,active,,,,,2025-04-12 00:20:22.276157+00,2025-04-12 00:20:22.276157+00
f9a7d58b-2b1d-4c0a-8820-709916b6c66b,https://cheatography.com/hayden/cheat-sheets/wireshark,active,,,,,2025-04-12 00:20:22.276157+00,2025-04-12 00:20:22.276157+00
f9d71d00-1990-42cf-b441-712879f10869,https://highon.coffee/blog/reverse-shell-cheat-sheet,active,,,,,2025-04-12 00:20:22.276157+00,2025-04-12 00:20:22.276157+00
fa8dae00-7e38-4ff7-b8e7-7154c7fe74f6,https://www.youtube.com/@STOKfredrik,active,,,,,2025-04-12 00:20:22.276157+00,2025-04-12 00:20:22.276157+00
fa9d0d37-cbfb-4b4c-9583-8004297df0d7,https://www.offensive-security.com/pen300-osep,active,,,,,2025-04-12 00:20:22.276157+00,2025-04-12 00:20:22.276157+00
fb6bd064-4a53-4540-96d3-2a8674007e2b,https://unit42.paloaltonetworks.com/wireshark-tutorial-capturing-packets,active,,,,,2025-04-12 00:20:22.276157+00,2025-04-12 00:20:22.276157+00
fc0b21c7-921f-4478-9876-93f755c75919,https://www.skool.com/cloud-security,active,,,,,2025-04-12 00:20:22.276157+00,2025-04-12 00:20:22.276157+00
fdc74f1f-52cd-401f-b714-2590e9ced920,https://urlhaus.abuse.ch,active,,,,,2025-04-12 00:20:22.276157+00,2025-04-12 00:20:22.276157+00
feb899cf-7257-4e23-8ad0-e2c7c4bfc808,https://hackmiami.com,active,,,,,2025-04-12 00:20:22.276157+00,2025-04-12 00:20:22.276157+00
fef38c83-d3ca-416b-a8fd-0e6f1de67461,https://www.qualys.com/apps/web-app-scanning,active,,,,,2025-04-12 00:20:22.276157+00,2025-04-12 00:20:22.276157+00